Timestamp,A_x,A_y,A_z,B_x,B_y,B_z,Altitude
0.000000,-7.7141,-6.3255,0.3783,-7.6567,-6.6894,0.3783,661.40
0.069769,-7.7524,-6.1004,0.6704,-7.6519,-6.4021,0.7087,661.40
0.089773,-7.6854,-5.9137,0.8523,-7.6567,-6.0142,0.7039,661.40
0.109773,-7.7668,-5.8802,0.7805,-7.7476,-6.0190,0.5890,661.40
0.129773,-7.7285,-5.9472,0.7901,-7.6998,-6.0094,0.7230,661.40
0.149774,-7.4268,-5.7652,0.6752,-7.0006,-6.3207,1.2594,661.40
0.169776,-7.5896,-5.6982,0.8954,-7.6854,-5.8945,1.5227,661.40
0.189780,-7.6854,-5.9664,1.1109,-7.4843,-5.8802,1.0678,661.40
0.209781,-7.7764,-5.9855,1.2067,-7.6279,-6.1196,0.7470,661.40
0.229782,-7.4986,-5.9616,0.9625,-7.5848,-5.9711,0.7805,661.40
0.249786,-7.5896,-5.9999,0.9098,-7.5274,-6.0669,1.1109,661.40
0.269786,-7.3981,-6.0334,1.0343,-7.1635,-5.9472,2.1165,661.40
0.289789,-7.3694,-6.0908,0.2394,-7.7428,-5.7557,1.2498,661.40
0.309791,-7.6854,-6.6032,0.7183,-7.4939,-6.7277,1.2163,661.40
0.329792,-7.4986,-6.5984,0.2059,-7.5944,-6.9049,-0.3974,661.40
0.349793,-7.3215,-6.7373,0.3639,-7.2688,-7.0485,0.9146,661.40
0.369796,-7.2592,-6.5649,0.4836,-7.2736,-6.7229,0.7470,661.40
0.389797,-7.3933,-6.4787,0.6321,-7.4795,-6.5027,0.8092,661.40
0.409802,-7.5226,-6.1818,0.5938,-7.4843,-6.1531,0.5746,661.40
0.429802,-7.6040,-6.1914,0.6369,-7.5369,-6.1435,0.6416,661.40
0.449802,-7.5896,-6.0861,0.6800,-7.5465,-5.8658,0.6369,661.40
0.469803,-7.7045,-5.9089,0.6943,-7.6567,-5.6886,0.5507,661.40
0.489807,-7.6375,-5.9089,0.6273,-7.6279,-5.7892,0.6225,661.40
0.509808,-7.7189,-5.9328,0.6273,-7.6710,-5.6934,0.5890,661.40
0.529812,-7.6423,-6.0478,0.9194,-7.5513,-5.8849,0.8092,661.40
0.549814,-7.5178,-6.1435,1.0104,-7.4316,-6.0190,1.1013,661.40
0.569818,-7.5274,-6.0573,0.9242,-7.5465,-5.8419,0.9433,661.40
0.589818,-7.5896,-6.0286,0.7853,-7.5082,-5.7748,0.6033,661.40
0.609822,-7.5274,-6.1723,0.6321,-7.4747,-5.9041,0.5124,661.40
0.629823,-7.4268,-6.3351,0.5890,-7.3550,-6.0765,0.5507,661.40
0.649823,-7.3215,-6.3734,0.5267,-7.2257,-6.2345,0.3017,661.40
0.669823,-7.1491,-6.6559,0.6416,-7.1299,-6.4787,0.7326,661.40
0.689824,-7.1443,-6.6846,0.6416,-7.0485,-6.5314,0.5363,661.40
0.709824,-7.1299,-6.7421,0.6225,-7.0773,-6.5266,0.6129,661.40
0.729829,-7.0820,-6.6511,0.6943,-6.9480,-6.3351,0.7949,661.40
0.749829,-7.1443,-6.5697,0.7087,-7.0677,-6.3255,0.6512,661.40
0.769830,-7.0054,-6.7086,0.6321,-6.8522,-6.3877,0.5459,661.40
0.789833,-7.0054,-6.7421,0.7039,-6.8666,-6.3638,0.6416,661.40
0.809834,-6.8905,-6.7995,0.7661,-6.7708,-6.3542,0.8523,661.40
0.829834,-6.8714,-6.8570,0.7087,-6.6559,-6.4835,0.6081,661.40
0.849837,-6.7277,-6.9815,0.8571,-6.5841,-6.5266,0.5890,661.40
0.869837,-6.5457,-7.0964,0.6704,-6.3686,-6.7325,0.8906,661.40
0.889839,-6.4452,-7.1826,0.7901,-6.2920,-6.9576,0.8667,661.40
0.909840,-6.4404,-7.3454,0.7183,-6.1866,-6.7469,0.7757,661.40
0.929845,-6.3734,-7.3406,0.6416,-6.0478,-6.9097,0.6608,661.40
0.949845,-5.9951,-7.4699,0.8859,-5.6120,-6.8953,0.9098,661.40
0.969846,-5.8897,-7.7141,0.7326,-5.5785,-7.1874,0.7039,661.40
0.989848,-5.7604,-7.8673,0.6464,-5.4348,-7.2640,0.6033,661.40
1.009850,-5.2864,-8.1020,0.7661,-4.8123,-7.6088,0.6943,661.22
1.049998,-5.0470,-8.2313,0.5507,-4.7214,-7.7524,0.9146,661.22
1.069999,-4.6926,-8.3845,0.6800,-4.1324,-7.9583,0.6321,661.22
1.089999,-4.4915,-8.6048,0.8380,-3.8116,-8.0924,0.6225,661.22
1.110000,-4.2090,-8.7532,0.4022,-3.7350,-8.3893,1.4653,661.22
1.130005,-4.0127,-8.8155,0.6321,-3.5147,-8.1451,0.4884,661.22
1.150009,-3.6679,-8.6383,0.7805,-3.0694,-7.7955,0.5124,661.22
1.170009,-3.8355,-8.8202,0.5171,-2.7773,-8.2504,1.4700,661.22
1.190010,-3.2178,-8.9926,0.7326,-2.6288,-8.4276,1.1588,661.22
1.210010,-2.9784,-9.1123,0.9529,-2.0399,-8.2648,0.3352,661.22
1.230011,-2.8204,-9.5960,0.6608,-2.1548,-9.2656,0.6847,661.22
1.250015,-2.0638,-9.5816,0.6847,-1.3455,-9.4427,1.5036,661.22
1.270020,-1.6281,-10.0940,0.5938,-0.5124,-9.4523,0.2251,661.22
1.290020,-1.5275,-9.5433,0.8667,-0.4645,-8.9112,0.0718,661.22
1.310020,-1.0918,-9.7205,0.7326,-0.0718,-9.0980,1.1923,661.22
1.330022,-0.5986,-9.6151,0.5794,0.4932,-9.0405,0.0000,661.22
1.350026,0.2394,-9.7348,0.5411,1.0487,-9.1123,0.2490,661.22
1.370030,1.0151,-9.9407,0.4549,2.0016,-9.3661,0.6273,661.22
1.390033,1.5850,-9.4332,-0.2107,3.0789,-9.2560,0.2346,661.22
1.410037,1.9776,-9.2560,-0.3256,3.5961,-9.5337,-0.0048,661.22
1.430037,2.6288,-9.2081,0.1772,3.8211,-9.0740,-0.2394,661.22
1.450037,2.8395,-8.5377,0.5602,4.8842,-8.3222,-0.1293,661.22
1.470037,3.0981,-8.8825,0.2825,4.2617,-8.8969,0.1149,661.22
1.490037,3.2226,-8.6048,0.2538,4.8363,-9.6678,-0.4214,661.22
1.510037,3.3854,-8.8202,0.2682,4.8315,-9.0022,0.1676,661.22
1.530037,4.5203,-8.7628,0.2155,6.2058,-8.6622,1.7573,661.22
1.550039,4.9943,-8.4707,0.7278,6.2393,-7.9727,0.7853,661.22
1.570042,4.8842,-8.2265,0.4836,6.4691,-7.8482,0.0239,661.22
1.590042,5.6216,-7.9966,0.6800,7.3789,-7.3215,0.6704,661.22
1.610042,5.5881,-7.3071,0.4501,7.3358,-6.5170,0.7326,661.22
1.630042,6.9049,-7.2784,0.5219,8.7101,-6.4212,0.4166,661.22
1.650042,6.3973,-7.1060,0.2442,8.0206,-6.1004,1.6281,661.22
1.670042,7.9775,-6.5122,0.2490,9.7540,-5.2146,1.2019,661.22
1.690044,7.9727,-5.9089,-0.0192,9.9551,-5.2912,-0.4788,661.22
1.710047,8.5377,-5.2050,0.2921,10.3477,-4.8842,1.3312,661.22
1.730048,8.8873,-4.6448,0.1867,10.8840,-4.5633,0.0383,661.22
1.750048,9.2560,-3.9552,0.0479,10.8505,-3.7685,1.1444,661.22
1.770053,9.3422,-3.5913,0.3352,10.7021,-3.2944,1.0104,661.22
1.790055,9.8976,-2.5331,0.6081,11.4778,-2.7007,1.8818,661.22
1.810058,9.5002,-1.9680,-0.4022,11.6837,-1.7526,1.1157,661.22
1.830058,9.9742,-1.2546,0.8428,11.6933,-1.8579,1.1971,661.22
1.850058,10.0604,-1.3312,0.4693,11.7124,-1.0726,-0.2873,661.22
1.870061,10.0269,-0.3879,0.1197,11.7412,-0.6895,1.1349,661.22
1.890062,9.8258,-0.0814,0.6895,11.8369,-0.0575,0.6752,661.22
1.910064,10.1801,0.6800,0.4980,11.6550,0.8715,0.9290,661.22
1.930067,9.8114,0.6656,0.4214,11.3294,0.5555,1.3360,661.22
1.950070,10.1562,1.7669,0.2538,11.7316,1.4892,0.2346,661.22
1.970074,9.5289,2.2458,0.3783,11.3677,2.4612,0.5363,661.22
1.990077,9.5529,2.9161,0.3400,11.1666,2.8395,1.1540,661.22
2.010079,9.2847,4.1755,0.2107,10.8601,3.9840,0.0383,660.96
2.051006,9.2225,4.1994,0.0527,10.7739,4.0941,0.2921,660.96
2.071011,8.9687,5.2146,-0.1532,10.8314,5.3822,0.9529,660.96
2.091016,7.8865,4.9895,0.2298,9.5193,4.4724,-0.1437,660.96
2.111016,8.5138,6.8809,-0.1772,10.1801,7.1826,0.8619,660.96
2.131017,7.5034,6.2393,0.2825,9.2560,6.4835,1.0151,660.96
2.151021,7.7237,7.4891,0.4262,9.0644,7.0006,1.3072,660.96
2.171025,7.0294,7.5130,0.3783,8.2456,6.9528,0.1053,660.96
2.191028,6.8043,7.9918,0.0814,8.7724,7.7381,1.1732,660.96
2.211032,5.6934,7.8530,0.2107,7.2880,8.0445,-0.5124,660.96
2.231032,5.7604,8.4803,0.4980,7.1299,8.2313,0.5028,660.96
2.251037,5.1380,8.3606,0.3543,6.6990,8.1211,0.8236,660.96
2.271037,4.8794,8.9974,0.3783,6.3303,8.9974,1.0774,660.96
2.291040,4.0941,9.0644,0.2107,5.6790,9.1028,0.2203,660.96
2.311042,3.7541,9.2895,0.2059,5.2529,9.3326,0.9242,660.96
2.331042,3.0837,9.9551,0.4741,4.2617,9.9695,0.9194,660.96
2.351042,2.5379,9.8737,0.5028,3.6631,9.7636,0.0958,660.96
2.371042,2.1739,9.5002,0.2442,3.3902,9.5433,0.6847,660.96
2.391042,1.4605,10.7500,0.2394,3.0406,10.8888,0.3783,660.96
2.411044,0.6608,9.7348,0.1101,2.0973,9.3374,0.1628,660.96
2.431047,0.1149,10.2232,0.0383,1.7957,10.0269,-0.0048,660.96
2.451047,-0.2634,10.0461,0.3208,0.9816,9.8497,-0.3783,660.96
2.471050,-0.8523,10.1227,0.3304,0.5267,10.0221,0.1197,660.96
2.491053,-1.3216,10.3765,0.1963,-0.1149,10.5536,0.3591,660.96
2.511054,-1.9297,9.4906,0.4310,-0.5507,9.4427,-0.1197,660.96
2.531058,-2.4469,9.9455,0.2251,-0.9529,9.3039,-0.4597,660.96
2.551061,-2.7677,9.4284,0.0958,-1.6041,8.3989,2.2458,660.96
2.571065,-3.8259,9.4715,0.3735,-2.3750,8.4324,-0.8763,660.96
2.591068,-3.6919,9.0597,0.2490,-2.5139,8.7149,0.4022,660.96
2.611069,-4.3383,9.0022,0.2873,-3.2034,8.5234,0.0575,660.96
2.631074,-4.5729,8.5473,0.2394,-3.3232,8.4563,-0.0144,660.96
2.651074,-5.1523,8.6335,0.3639,-3.8068,8.5090,-0.2586,660.96
2.671077,-5.4444,8.3414,0.3926,-4.1420,7.9009,0.3352,660.96
2.691078,-6.2249,7.9296,0.4214,-5.1140,7.5705,0.3831,660.96
2.711080,-6.1723,7.2832,0.3017,-5.0087,7.0820,0.6464,660.96
2.731085,-7.1682,7.4795,0.4166,-5.8754,7.2257,0.3926,660.96
2.751085,-6.7900,6.3973,0.4214,-5.4013,6.1435,0.2777,660.96
2.771085,-8.0062,6.7708,0.5938,-6.6655,6.6415,0.1532,660.96
2.791085,-7.0677,5.4109,0.6943,-5.6934,5.6647,-0.3256,660.96
2.811088,-8.3366,5.7748,0.4549,-6.8857,5.4875,0.3448,660.96
2.831088,-8.2600,5.0805,0.3926,-7.2832,4.8459,-0.3304,660.96
2.851089,-8.8681,4.5250,0.3448,-7.2880,4.0510,-0.3017,660.96
2.871089,-8.8825,4.1037,0.3926,-7.7572,3.6919,0.1341,660.96
2.891089,-8.6814,3.5291,0.3496,-7.5609,3.2274,0.3448,660.96
2.911095,-9.2129,2.9066,0.4549,-7.7381,2.8204,0.2394,660.96
2.931098,-9.2895,2.5331,0.4070,-7.8961,2.2458,0.3065,660.96
2.951098,-9.5193,1.6664,0.4836,-8.2791,1.6520,0.3591,660.96
2.971098,-9.5146,1.3312,0.5076,-8.1451,1.2402,0.4310,660.96
2.991099,-9.5912,1.0008,0.3639,-8.1547,0.9481,0.6177,660.96
3.011100,-9.5912,-0.0335,0.6033,-8.1547,-0.4932,0.0670,661.22
3.051998,-9.5577,-0.6225,0.7853,-8.4659,-0.9912,-0.0622,661.22
3.072000,-9.0022,-1.1492,0.5890,-7.9966,-1.6376,1.0726,661.22
3.092004,-9.4475,-1.6759,0.7853,-7.8434,-1.8579,0.2777,661.22
3.112008,-9.4954,-1.7430,0.5746,-8.0493,-2.3559,-0.3879,661.22
3.132010,-9.2560,-2.8060,0.8954,-8.1786,-3.4381,1.1396,661.22
3.152013,-8.6957,-2.9592,0.5890,-7.3502,-3.1508,1.1061,661.22
3.172016,-8.9016,-3.7350,0.2682,-7.0006,-3.8834,0.6273,661.22
3.192020,-9.3709,-4.3766,0.5698,-6.7469,-4.9752,0.2873,661.22
3.212021,-7.4891,-4.5442,0.4501,-6.8283,-5.3726,1.0295,661.22
3.232025,-8.4803,-4.7262,0.6129,-6.9145,-4.7980,0.3831,661.22
3.252026,-7.6567,-5.1427,0.9912,-6.3542,-5.2481,1.4317,661.22
3.272029,-7.7237,-5.6790,0.9194,-6.2872,-5.6216,0.9481,661.22
3.292031,-6.9719,-6.1387,0.7709,-5.4396,-6.0190,1.1588,661.22
3.312031,-7.2209,-6.5745,0.6656,-5.1380,-6.7229,0.3687,661.22
3.332031,-6.9145,-7.2161,0.7566,-5.0087,-7.1826,0.3112,661.22
3.352031,-6.1914,-7.2065,0.5363,-4.6448,-6.9671,0.5028,661.22
3.372031,-5.9185,-7.6519,0.8045,-4.1276,-7.2592,0.5507,661.22
3.392035,-5.2912,-7.6184,0.7278,-3.6200,-7.5178,1.1492,661.22
3.412037,-4.9847,-8.2217,1.1349,-3.3567,-8.0302,0.8571,661.22
3.432039,-4.2569,-8.1020,0.8284,-2.7150,-7.9009,0.6895,661.22
3.452043,-4.3527,-8.8969,0.7709,-2.6528,-8.8585,0.6991,661.22
3.472043,-3.5913,-8.9304,0.3496,-1.6185,-8.8202,0.8571,661.22
3.492048,-3.0885,-9.8306,0.7278,-1.1492,-9.4284,-0.3974,661.22
3.512048,-2.4660,-9.4523,0.2873,-0.6608,-9.5002,2.6432,661.22
3.532052,-1.8962,-9.5050,0.7039,0.1197,-8.9639,1.6712,661.22
3.552053,-1.1732,-9.5337,0.7757,0.6225,-9.1506,0.5890,661.22
3.572055,-1.0008,-9.8162,0.9720,0.7997,-9.4044,1.5610,661.22
3.592058,-0.5411,-9.4475,1.2354,1.4509,-9.0453,1.3791,661.22
3.612058,0.2442,-10.2185,1.0918,2.1165,-9.8162,0.4788,661.22
3.632058,1.3264,-9.5768,0.6273,3.2513,-9.4858,0.7997,661.22
3.652058,2.0590,-10.2137,0.3496,4.1803,-10.3094,0.6752,661.22
3.672061,2.4134,-9.3661,0.2490,4.3527,-9.0788,0.8763,661.22
3.692063,3.2896,-9.2895,1.5083,5.2146,-8.9974,-2.7294,661.22
3.712064,3.3950,-9.0836,0.9816,5.6790,-8.1307,-0.8523,661.22
3.732064,3.4046,-9.1123,0.2490,5.5498,-7.9200,1.3838,661.22
3.752068,4.6495,-8.2217,0.5028,6.5984,-8.3031,1.5706,661.22
3.772070,5.3056,-8.4084,0.3304,8.0014,-8.0254,-0.8763,661.22
3.792074,6.1339,-8.2121,0.8667,8.1499,-7.7189,1.1013,661.22
3.812076,5.8227,-7.6088,0.6847,8.0397,-6.9671,-0.0192,661.22
3.832079,6.3973,-7.2113,1.0534,8.5281,-6.3351,1.3216,661.22
3.852084,6.1579,-7.0437,0.7997,8.3079,-6.1052,1.1875,661.22
3.872084,7.2257,-6.9240,0.9912,9.6007,-6.2920,0.6656,661.22
3.892086,7.2880,-6.0573,0.6321,9.7061,-5.4253,0.1915,661.22
3.912086,9.0740,-5.1811,0.9290,10.6542,-3.4572,-1.8531,661.22
3.932088,8.4803,-4.9752,0.5507,11.1235,-3.6200,-0.3448,661.22
3.952093,8.6574,-4.8746,0.4788,10.7500,-3.3279,-0.2298,661.22
3.972097,9.5864,-3.4524,0.6369,11.8944,-2.9832,0.7709,661.22
3.992101,9.8354,-3.0454,0.8188,12.5456,-2.3703,0.3543,661.22
4.012103,10.1370,-1.0965,0.3687,12.5696,-0.3065,1.4557,660.51
4.053004,10.3908,-0.5507,0.5890,12.3158,-0.1963,1.2833,660.51
4.073006,10.1323,0.4405,-0.0287,12.5935,0.6991,0.1341,660.51
4.093010,10.1275,1.2115,0.2107,12.7324,1.4700,-0.3974,660.51
4.113010,9.9790,1.7765,0.3591,12.8664,1.6424,0.8284,660.51
4.133010,9.9695,2.6480,0.2825,12.3158,2.7294,1.4844,660.51
4.153010,10.0604,3.1747,0.4597,12.4786,3.5338,0.7278,660.51
4.173010,9.2512,3.5338,0.1341,11.8513,3.6296,-0.2442,660.51
4.193012,8.8633,4.3287,0.3926,11.4539,4.6400,-0.3879,660.51
4.213013,9.4092,5.1811,0.4501,11.8465,5.4731,0.7039,660.51
4.233015,8.8729,6.0525,0.3687,11.2863,6.0861,0.2825,660.51
4.253015,7.7716,6.3111,-0.0048,10.4579,6.2920,0.4214,660.51
4.273015,7.3885,6.9288,0.0718,9.6726,6.2393,1.8340,660.51
4.293016,7.4316,7.2784,0.7757,9.9455,7.6614,0.4597,660.51
4.313016,7.1108,7.7141,0.5650,9.0118,8.0014,0.9433,660.51
4.333018,5.9616,8.0206,0.1532,8.2600,7.8961,1.2498,660.51
4.353021,5.6120,9.2273,0.2538,8.2648,9.0261,0.4357,660.51
4.373021,5.2289,8.7053,0.2490,7.3454,8.5473,0.3352,660.51
4.393021,4.2856,9.2799,0.0431,6.6559,9.0740,0.3208,660.51
4.413021,3.9265,9.2225,0.0239,6.0908,8.8873,0.3112,660.51
4.433026,3.0789,9.9934,0.1820,5.4540,9.7348,0.6033,660.51
4.453029,2.3463,9.1363,0.1915,4.5729,8.6287,0.9433,660.51
4.473031,1.8579,10.5919,0.5555,4.2713,10.5919,0.5986,660.51
4.493034,0.8667,9.6007,0.2969,2.7007,9.1219,0.1149,660.51
4.513037,0.2969,10.8170,0.2442,2.3367,11.3725,0.4932,660.51
4.533038,-0.4693,9.3709,-0.1867,1.8866,9.5385,0.0622,660.51
4.553038,-1.5897,10.7069,0.3065,0.4788,11.1282,0.2155,660.51
4.573042,-2.0782,9.1650,-0.0718,0.4549,8.6910,-0.2298,660.51
4.593046,-2.9784,10.5441,0.4741,-0.6847,10.2137,0.3783,660.51
4.613049,-3.2370,9.0022,0.2298,-1.1444,8.8442,-0.0239,660.51
4.633053,-4.4197,9.6247,0.2682,-2.2697,10.1897,-0.0192,660.51
4.653054,-4.5825,9.0166,0.3400,-2.3990,9.8402,-2.6480,660.51
4.673059,-4.8219,8.4659,0.3926,-2.9497,8.5712,0.0096,660.51
4.693062,-5.6120,8.1499,0.4214,-3.4141,7.4555,0.9481,660.51
4.713063,-6.1723,7.8578,0.4166,-4.1994,7.6184,0.5986,660.51
4.733067,-6.2872,7.2353,0.4836,-4.0079,6.7229,0.2203,660.51
4.753067,-6.9145,6.5697,0.6560,-4.7692,5.9424,0.9912,660.51
4.773068,-7.3981,6.2824,0.5746,-5.1523,5.1954,0.9481,660.51
4.793070,-7.1060,5.6407,0.2490,-5.0996,4.8602,1.2881,660.51
4.813070,-8.6814,4.7788,0.8380,-6.7469,4.9321,2.1356,660.51
4.833074,-8.5760,4.7453,0.6129,-6.5936,5.0566,-0.0814,660.51
4.853074,-8.5856,4.1180,0.7422,-6.4069,4.1851,-1.3647,660.51
4.873074,-8.7819,3.3040,0.4501,-6.3590,2.8491,-0.4070,660.51
4.893078,-9.1506,2.4421,0.6273,-7.2161,1.9920,0.8380,660.51
4.913079,-9.1506,2.2793,0.6464,-7.0246,2.1883,1.0534,660.51
4.933079,-9.5720,1.4892,0.3448,-7.7524,0.8715,0.7039,660.51
4.953081,-9.3182,0.9050,0.2969,-7.3071,0.4549,0.3352,660.51
4.973085,-9.3182,0.2346,0.6416,-7.4364,0.0239,0.8523,660.51
4.993085,-9.7540,-0.3974,0.5698,-7.8147,-0.7566,0.8954,660.51
5.013085,-8.9543,-0.7087,1.0822,-6.9767,-1.5562,0.1341,661.05
5.054003,-9.2560,-2.2122,0.7997,-7.1156,-2.9832,0.7901,661.05
5.074005,-9.3422,-2.7869,0.7230,-7.1682,-3.3136,0.0670,661.05
5.094009,-8.6718,-3.3136,0.7757,-6.5793,-3.8259,0.1341,661.05
5.114010,-8.7197,-3.7828,1.2402,-6.9097,-3.9552,1.5419,661.05
5.134010,-8.1690,-3.4046,1.1205,-6.2297,-3.9409,1.5131,661.05
5.154010,-8.2456,-4.7549,0.5459,-6.0621,-4.9704,0.3735,661.05
5.174013,-7.7812,-5.6455,1.0104,-5.6168,-6.0286,0.8667,661.05
5.194015,-7.4939,-5.9903,0.7470,-5.5115,-6.3303,0.2777,661.05
5.214015,-6.8426,-6.4021,0.8284,-4.7214,-6.5122,0.7135,661.05
5.234020,-6.4739,-6.9145,0.9481,-4.1372,-6.4212,0.7374,661.05
5.254023,-6.4883,-7.5130,0.9673,-4.6160,-7.5322,1.1827,661.05
5.274024,-5.6743,-7.2065,0.8188,-3.8259,-7.3933,1.0582,661.05
5.294026,-5.5402,-7.7524,0.9577,-3.4668,-7.8195,0.6321,661.05
5.314030,-4.7453,-7.8578,0.4405,-2.7102,-8.1355,0.8667,661.05
5.334032,-4.1899,-8.7436,0.5746,-2.1931,-8.7436,0.3831,661.05
5.354037,-3.4572,-9.0357,0.6943,-1.4317,-9.2416,1.0247,661.05
5.374037,-2.7964,-8.9735,0.7470,-0.7087,-9.3422,0.8428,661.05
5.394042,-1.8675,-9.9264,1.0199,0.0814,-10.4004,0.8763,661.05
5.414046,-1.3455,-9.0692,0.4070,-0.0096,-9.6917,1.4317,661.05
5.434048,-1.2833,-10.2951,0.5076,0.3687,-10.1035,0.0000,661.05
5.454053,-2.1404,-9.4044,-0.2729,0.5938,-9.1698,1.7669,661.05
5.474054,-0.5842,-9.8785,0.9816,1.1396,-9.8162,2.1261,661.05
5.494058,0.1437,-9.7827,0.6369,1.8962,-9.1506,-0.9002,661.05
5.514058,0.3065,-9.7683,0.0910,2.3176,-8.9399,-0.4022,661.05
5.534062,0.7135,-9.6630,0.8811,2.9832,-9.1075,1.0439,661.05
5.554063,1.4605,-9.0836,0.6560,3.5003,-8.5665,-0.9194,661.05
5.574064,1.6233,-9.6391,1.4940,3.5051,-8.7149,-0.5171,661.05
5.594064,2.1835,-9.8737,0.9577,3.9840,-8.6335,0.1341,661.05
5.614068,3.0071,-9.2560,0.7087,5.3917,-8.5234,0.6752,661.05
5.634069,4.2904,-9.2751,0.3591,6.5888,-8.4228,0.6991,661.05
5.654069,4.8746,-8.5425,0.5459,7.8386,-7.8578,0.6895,661.05
5.674073,6.4260,-7.8626,0.2586,8.5617,-7.8434,1.1492,661.05
5.694074,7.3837,-7.7907,-0.0718,10.4818,-7.8961,1.9489,661.05
5.714074,7.4891,-6.7277,-0.3017,10.2807,-6.7373,-0.3496,661.05
5.734074,7.8243,-5.4109,-0.9577,10.5393,-5.6407,0.1724,661.05
5.754074,8.1547,-5.8035,-0.4262,11.2432,-5.8131,0.0575,661.05
5.774075,8.5329,-5.2864,0.2394,11.7507,-5.0901,1.4605,661.05
5.794076,9.3326,-4.8123,-0.1389,11.9854,-4.5969,0.1724,661.05
5.814077,10.1418,-4.0031,-0.3065,13.0197,-2.6959,1.2450,661.05
5.834078,9.7588,-3.3184,-0.3926,12.4020,-2.3176,2.4995,661.05
5.854079,9.0788,-1.8052,-0.5076,11.7938,-1.3599,-0.9816,661.05
5.874080,9.5241,-2.1308,-0.1676,12.7084,-0.7853,-0.9433,661.05
5.894085,10.2951,-1.1636,0.6847,13.2447,-0.7039,1.2977,661.05
5.914085,9.6055,-0.8859,0.4549,12.6031,-0.1053,1.3647,661.05
5.934086,10.0509,0.7422,-0.0144,12.9143,1.2546,0.6656,661.05
5.954089,9.5577,1.2306,0.1724,13.6086,1.5850,0.2298,661.05
5.974093,10.6542,2.7342,-0.3304,12.9861,2.7916,1.2641,661.05
5.994095,9.8210,2.4181,0.1580,12.3110,2.8826,0.1867,661.05
6.014098,8.8202,4.9560,-0.2586,12.3014,5.3822,-0.5555,660.60
6.054994,9.8450,5.8706,-0.1484,12.2056,6.9384,0.6704,660.60
6.074994,8.1068,5.8897,-0.4118,11.0852,6.0142,-0.7039,660.60
6.094997,7.6519,7.0054,-0.0814,10.9894,7.2113,0.2107,660.60
6.115000,7.5705,7.3837,0.1484,9.9886,7.4364,0.7470,660.60
6.135001,7.2353,7.2592,0.0814,9.7827,7.0246,-0.0431,660.60
6.155004,5.7365,8.9352,-0.7278,8.7484,9.8641,-1.7478,660.60
6.175005,6.1770,9.0597,0.1437,8.2983,9.0549,0.4357,660.60
6.195006,5.1140,9.0309,-0.0958,7.6519,8.9447,0.7805,660.60
6.215010,4.4724,9.3757,0.1963,7.2065,9.5816,1.5754,660.60
6.235014,3.7302,9.1985,0.1963,6.3973,9.3422,-0.0814,660.60
6.255016,3.6392,9.7157,0.2586,5.9807,10.1323,0.6081,660.60
6.275016,2.6193,9.6103,0.1628,5.0996,9.8545,0.5459,660.60
6.295016,1.7478,10.1227,0.1389,4.5011,10.1179,0.5890,660.60
6.315021,1.4700,10.3286,0.5363,3.5530,10.4866,0.0479,660.60
6.335021,0.1628,9.6055,-0.1532,3.0694,9.3996,-0.0048,660.60
6.355025,-0.5315,10.2137,0.2394,2.2889,9.6774,1.1013,660.60
6.375026,-1.2785,10.1466,0.0527,1.3264,10.4962,-0.0527,660.60
6.395028,-1.5802,9.7827,-0.5171,0.5602,9.9934,-0.6656,660.60
6.415029,-2.6097,10.0221,-0.0862,-0.2011,9.6678,-0.4980,660.60
6.435029,-3.3567,9.0549,-0.1676,-0.8332,8.6287,-0.0862,660.60
6.455031,-4.3814,9.4092,0.2107,-1.6472,9.0214,-0.1532,660.60
6.475036,-4.6495,8.0014,0.1053,-2.0351,7.9583,-0.0862,660.60
6.495037,-4.7597,8.8107,0.3304,-2.6288,8.2935,-2.3128,660.60
6.515038,-5.5210,7.4651,-0.1580,-2.9018,7.0868,-0.1676,660.60
6.535042,-5.3726,7.2353,0.0766,-3.0837,6.7469,3.3471,660.60
6.555042,-7.1012,6.8761,0.7183,-4.6400,6.1627,-0.1149,660.60
6.575042,-7.5417,6.1818,-0.1053,-5.3151,5.9185,-0.8667,660.60
6.595042,-7.2113,5.5833,0.5459,-4.8315,5.2241,-0.0622,660.60
6.615042,-8.4132,5.3534,0.6656,-5.5210,4.9273,0.4597,660.60
6.635042,-7.9535,5.0661,0.2155,-5.7461,4.7788,-0.4310,660.60
6.655042,-8.2935,3.6248,-0.1772,-5.9855,3.5099,-0.1867,660.60
6.675042,-9.1842,3.2848,0.5842,-6.5027,2.9880,-0.4693,660.60
6.695042,-8.8202,2.5139,0.2394,-6.5457,2.2841,0.2777,660.60
6.715046,-9.3757,1.8771,0.8523,-6.9049,2.1404,0.3400,660.60
6.735048,-9.2129,1.0008,0.4788,-6.6176,1.2163,0.8236,660.60
6.755052,-9.4236,0.6321,0.3591,-6.6655,0.8284,-0.1006,660.60
6.775052,-9.0261,-0.0958,0.2682,-6.5362,-0.0527,-0.4597,660.60
6.795054,-9.4044,-1.0965,0.4357,-6.4883,-1.0008,0.8571,660.60
6.815058,-9.0405,-1.5897,0.2346,-6.6032,-1.7573,-0.1101,660.60
6.835058,-8.9352,-2.4660,0.6656,-6.2680,-2.6576,0.1580,660.60
6.855058,-9.0022,-2.7533,0.4214,-6.4931,-3.3662,-0.7997,660.60
6.875060,-8.7676,-3.4381,1.0678,-5.9616,-4.0414,-1.4557,660.60
6.895060,-8.0349,-4.5538,0.7566,-5.3486,-4.9368,1.1827,660.60
6.915063,-7.5753,-5.8610,0.7709,-5.4396,-5.9041,0.2873,660.60
6.935068,-7.6519,-5.7940,0.5794,-5.1763,-5.9664,0.8045,660.60
6.955069,-6.8570,-6.1052,0.1724,-4.4772,-6.1914,0.6081,660.60
6.975070,-6.7756,-7.1204,0.3496,-4.2521,-7.3789,0.0910,660.60
6.995074,-6.1387,-7.2305,0.4022,-3.5530,-7.5322,-0.1963,660.60
7.015074,-5.0996,-8.4659,0.8140,-2.7102,-9.2129,-0.2203,661.40
7.056005,-4.1276,-8.0589,0.7135,-1.5610,-9.0597,-2.5474,661.40
7.076008,-4.0127,-8.8681,0.9529,-1.0151,-9.0692,0.1006,661.40
7.096008,-3.3902,-8.9687,0.3783,-1.1301,-9.3661,0.8859,661.40
7.116010,-2.8826,-9.7827,0.7997,-0.3926,-10.0700,1.6185,661.40
7.136013,-2.1069,-9.4571,0.8667,0.1963,-9.3948,0.7566,661.40
7.156013,-1.2115,-9.5241,0.7374,0.7230,-9.7875,0.6512,661.40
7.176015,-1.0343,-9.3948,0.1724,1.4222,-9.6869,0.6943,661.40
7.196017,-0.3448,-10.0556,0.7039,2.2841,-9.8737,0.7853,661.40
7.216020,0.1293,-9.4763,0.6177,2.2889,-9.0549,0.1628,661.40
7.236023,1.0104,-10.1754,0.5459,3.2944,-9.3278,1.7861,661.40
7.256026,1.4844,-9.2416,0.3783,3.8595,-8.5138,0.5507,661.40
7.276029,1.4844,-9.6103,0.2586,4.5921,-10.1083,0.6895,661.40
7.296031,3.0167,-9.3374,0.2107,4.9225,-9.4954,0.6991,661.40
7.316032,3.2130,-9.0214,0.6081,5.0374,-9.2129,0.2251,661.40
7.336035,3.4477,-9.4188,0.5124,5.8514,-8.8155,0.7470,661.40
7.356036,4.3718,-8.6526,0.4549,6.7947,-8.5808,0.7901,661.40
7.376037,5.2864,-8.8490,0.5411,7.9152,-8.7771,1.0534,661.40
7.396039,5.5019,-8.0780,-0.0814,8.0445,-8.0732,0.0575,661.40
7.416042,6.1196,-7.8482,0.5602,8.1355,-7.6375,1.0582,661.40
7.436045,6.0334,-7.9535,0.1963,8.6574,-7.1539,0.0239,661.40
7.456048,6.6080,-7.8243,0.6033,9.1506,-7.0102,0.5650,661.40
7.476051,6.6415,-6.8283,0.2538,9.3087,-6.0142,0.2586,661.40
7.496051,7.8530,-6.8666,0.5842,10.4866,-6.2968,1.2450,661.40
7.516051,7.8530,-5.3534,-0.1197,10.4004,-5.2529,1.1301,661.40
7.536053,9.3613,-5.1236,0.2155,12.1242,-4.8411,1.6568,661.40
7.556053,9.0118,-3.3710,-0.2634,11.7603,-3.5578,0.6800,661.40
7.576053,10.4770,-3.6105,-0.2825,12.8856,-3.7637,0.3543,661.40
7.596053,9.8737,-2.3415,0.0718,12.5073,-1.9872,0.5411,661.40
7.616055,9.1219,-1.9585,0.2298,12.1147,-0.6033,-0.1820,661.40
7.636059,10.1370,-0.8811,0.9098,13.1921,0.7183,1.8244,661.40
7.656063,9.6438,-1.1061,-0.1628,12.6174,0.2490,1.0295,661.40
7.676063,10.2472,0.5794,-0.4166,13.2735,0.9002,0.9098,661.40
7.696063,10.8122,1.4126,-0.7997,14.1306,1.3838,1.9824,661.40
7.716066,9.6103,3.2034,-0.6129,12.8569,3.0789,-0.0383,661.40
7.736070,10.3669,2.7581,0.2873,12.9431,3.0263,0.8332,661.40
7.756074,8.8585,2.6959,-0.5698,12.1338,2.5379,0.3208,661.40
7.776074,9.6774,3.4764,-0.0431,13.0484,3.4812,1.7430,661.40
7.796076,8.8107,4.9704,-0.5363,11.5784,5.3822,1.1253,661.40
7.816080,8.5904,5.3917,-0.2203,11.5065,5.2529,0.4166,661.40
7.836085,8.2648,6.7373,-0.1915,10.9319,6.4260,0.4884,661.40
7.856087,7.6136,7.2927,-0.4501,10.2424,7.1156,0.0335,661.40
7.876087,7.0102,7.6567,-0.7757,10.5632,7.4029,-0.0527,661.40
7.896090,6.4787,7.8769,-0.4741,8.7771,8.0062,-0.6129,661.40
7.916093,5.8419,8.8394,-0.7278,8.7245,8.0014,1.0008,661.40
7.936093,5.0518,8.6287,-0.4932,8.1738,8.4755,-0.1437,661.40
7.956097,4.9129,8.6957,-0.2777,7.1970,8.3653,3.1699,661.40
7.976098,4.1276,9.1602,-0.7135,6.2920,8.5856,0.3974,661.40
7.996101,3.5434,9.7061,-0.0910,6.1292,9.8689,1.0678,661.40
8.016104,2.1117,10.3142,-0.4453,4.5298,10.2472,-0.0192,660.60
8.056993,1.4605,9.7588,-0.4597,3.7972,10.0030,-1.1253,660.60
8.076997,0.4597,10.0940,-0.2394,2.6767,10.0604,-0.7183,660.60
8.096997,-0.0910,9.7779,-0.3496,2.6097,9.4284,-0.5938,660.60
8.117000,-1.1301,10.7548,-0.0814,1.0965,10.5489,-0.6416,660.60
8.137002,-1.1540,9.3518,-0.2203,0.9050,8.2169,-0.7709,660.60
8.157005,-2.8539,10.5680,-0.1341,-0.3017,9.9599,-0.7326,660.60
8.177005,-2.9784,8.8155,-0.5794,-0.4166,8.8059,-1.0870,660.60
8.197005,-3.7781,9.8689,-0.5602,-1.4174,9.1411,-0.6273,660.60
8.217005,-4.1707,8.6957,-0.4741,-1.7478,8.0254,-0.9050,660.60
8.237006,-4.9225,8.4659,-0.3256,-2.7725,7.8961,-0.6608,660.60
8.257006,-5.4300,8.1547,-0.2346,-3.2561,8.1690,-1.4557,660.60
8.277010,-6.4739,7.8721,-0.4741,-4.3239,7.7764,-1.8866,660.60
8.297013,-6.3255,6.6798,-0.4741,-4.4819,6.9384,-0.7614,660.60
8.317017,-7.2305,6.8953,0.3783,-4.6878,7.0677,-0.9146,660.60
8.337020,-7.2353,6.2393,-0.3496,-5.0087,6.7852,0.0048,660.60
8.357023,-7.4029,6.2441,-0.2825,-5.4540,5.5976,0.1293,660.60
8.377024,-7.9248,5.1523,-0.2921,-5.7413,4.5346,-1.2641,660.60
8.397027,-9.2991,4.6064,-0.2777,-7.0868,5.2816,-1.5610,660.60
8.417031,-8.3175,4.0318,-0.4214,-6.1100,3.7828,-0.8380,660.60
8.437031,-9.2751,3.3567,0.0670,-7.2544,2.9161,-1.5658,660.60
8.457032,-8.7724,2.8060,-0.0239,-7.0629,2.3703,-0.4501,660.60
8.477037,-9.3757,1.8579,-0.2682,-7.3981,1.6328,-1.6089,660.60
8.497040,-9.9072,1.2019,-0.2346,-7.8195,0.5938,-1.2737,660.60
8.517044,-9.4092,0.4932,-0.0383,-7.6758,0.0622,-0.5315,660.60
8.537047,-9.3326,0.3400,0.0527,-7.6519,0.0527,-0.4118,660.60
8.557050,-9.2943,-0.3352,-0.1101,-7.3406,-0.6081,-0.7183,660.60
8.577052,-9.6486,-0.8859,0.1006,-7.8099,-1.2737,-0.6800,660.60
8.597053,-9.2512,-1.5083,0.0048,-7.2592,-1.9249,-1.2354,660.60
8.617056,-9.1315,-1.7190,0.1772,-7.4124,-2.8395,-0.3112,660.60
8.637056,-8.6957,-2.4708,0.2346,-6.8187,-2.9592,-0.0239,660.60
8.657061,-9.0118,-3.1460,0.2059,-7.1108,-3.5195,-0.4214,660.60
8.677065,-8.2456,-3.8642,0.1341,-6.3829,-4.3239,-0.0335,660.60
8.697070,-8.4563,-4.2521,0.2777,-6.5697,-4.3431,-0.8188,660.60
8.717073,-8.1834,-4.4676,0.2777,-6.5218,-4.9273,0.2586,660.60
8.737074,-8.5473,-5.4684,-0.2251,-6.2010,-5.2960,-0.6800,660.60
8.757077,-6.9384,-5.4971,0.2729,-5.1906,-5.2194,-0.7997,660.60
8.777077,-7.2449,-6.5362,0.2059,-5.5115,-6.6415,0.0192,660.60
8.797079,-6.4404,-7.0294,0.0910,-4.8842,-7.1491,-0.1245,660.60
8.817079,-6.5027,-7.4029,0.1820,-4.8123,-7.8913,-0.3496,660.60
8.837083,-5.9185,-7.5369,0.1772,-4.1515,-7.7668,-0.2155,660.60
8.857085,-5.2960,-8.2408,0.1053,-3.8116,-8.3127,-0.7901,660.60
8.877085,-4.8315,-8.4611,0.1963,-3.2082,-8.7963,0.0287,660.60
8.897085,-4.5921,-8.4707,0.1867,-2.8156,-8.6718,-0.1341,660.60
8.917089,-4.0031,-8.8969,0.3065,-2.0877,-9.1219,0.0622,660.60
8.937093,-3.5243,-9.0309,0.1867,-1.7286,-9.2320,0.0958,660.60
8.957093,-3.0646,-9.2273,0.3065,-1.4174,-9.5002,0.0622,660.60
8.977094,-2.6193,-9.4332,0.3017,-0.8045,-9.7540,0.3160,660.60
8.997098,-2.1979,-9.7061,0.3974,-0.2777,-10.3765,-0.2298,660.60
9.017098,-0.9720,-9.8114,0.4357,0.6608,-10.0078,0.5028,660.43
9.058001,-0.4118,-9.3326,-0.0048,0.9242,-9.4284,0.3112,660.43
9.078002,0.1149,-9.9695,0.1437,1.7334,-10.0221,0.0718,660.43
9.098003,0.7853,-9.6534,0.3735,2.3559,-9.6151,0.5507,660.43
9.118005,1.1061,-9.5241,0.3160,2.8060,-9.3134,-0.0766,660.43
9.138005,1.6137,-9.6295,0.2969,3.1364,-9.4715,0.3017,660.43
9.158006,1.9249,-9.7252,0.3448,3.8116,-9.7013,0.7470,660.43
9.178010,2.2793,-8.8107,0.4214,3.8020,-9.1698,-0.2107,660.43
9.198012,3.5243,-9.6055,0.8475,4.5633,-9.3134,-0.3831,660.43
9.218015,3.3998,-9.0836,0.3831,4.9991,-8.5808,0.5555,660.43
9.238015,3.8499,-9.1506,0.3208,4.9656,-8.7771,0.1772,660.43
9.258015,4.3479,-8.6095,0.4788,5.6551,-8.4420,0.6752,660.43
9.278016,4.6974,-8.9447,0.3256,6.2249,-8.9064,0.8284,660.43
9.298021,5.4540,-8.0349,0.4788,6.9863,-7.8434,1.2402,660.43
9.318026,5.9568,-7.9487,0.2969,7.4795,-7.6471,0.1628,660.43
9.338028,6.3638,-7.8673,0.5315,7.5226,-7.6950,1.3408,660.43
9.358031,6.3925,-7.4699,-0.5555,8.3318,-7.2449,0.5124,660.43
9.378031,6.7852,-6.9480,0.4118,7.6375,-6.7516,1.6185,660.43
9.398032,6.6702,-7.0581,-0.2298,8.7388,-6.5649,0.1915,660.43
9.418037,7.2018,-6.1914,0.2538,8.8346,-5.9328,0.7757,660.43
9.438039,8.5377,-6.4691,-0.2873,9.6391,-5.8993,1.4557,660.43
9.458043,7.6088,-5.5162,-0.4741,9.4906,-4.6735,-0.1149,660.43
9.478045,8.4707,-5.7509,0.0431,9.9934,-5.2577,-0.2011,660.43
9.498048,8.7484,-4.8602,0.0527,10.3908,-4.2425,0.8763,660.43
9.518053,8.5138,-4.7980,0.1053,10.2280,-4.0223,1.0870,660.43
9.538057,8.8681,-4.4772,0.0096,10.6686,-3.3327,0.7901,660.43
9.558057,8.9399,-3.9217,0.1724,10.8553,-3.0023,0.7422,660.43
9.578058,9.3039,-2.6576,-0.4932,11.8609,-1.7861,0.9433,660.43
9.598058,10.0269,-2.4852,-0.4405,11.8944,-1.2737,0.8045,660.43
9.618058,9.9886,-1.4748,-1.0726,11.9183,-1.3647,0.9194,660.43
9.638058,10.6446,-0.6512,-0.2442,12.4738,-0.4166,0.6895,660.43
9.658060,10.7069,0.6033,-0.6369,12.6893,0.7901,0.3160,660.43
9.678062,10.0173,1.7095,-0.9960,12.2583,1.6137,-0.9720,660.43
9.698063,10.3860,2.2075,-0.8763,12.2535,1.6041,0.6943,660.43
9.718068,9.8497,2.7485,-0.4405,11.9135,2.7916,0.9768,660.43
9.738072,9.1794,3.1460,-0.7278,10.8122,3.1747,-0.2394,660.43
9.758074,9.5098,3.0358,-0.1389,11.4060,2.8204,0.8715,660.43
9.778074,9.4236,3.9696,-0.7326,10.9942,4.2138,0.2107,660.43
9.798074,9.3422,3.9265,-0.5028,11.0612,4.5298,0.5363,660.43
9.818074,9.0261,5.1427,-0.1293,11.0085,5.1044,1.1540,660.43
9.838075,8.4851,5.2625,0.0862,10.5297,5.2050,1.3503,660.43
9.858078,8.3701,6.0813,0.2538,10.0892,6.5362,0.5986,660.43
9.878083,7.6998,6.1531,0.1820,9.9551,6.1100,0.9720,660.43
9.898085,7.7524,6.8905,-0.0479,9.7252,7.3071,1.6328,660.43
9.918085,7.4891,7.6327,-0.6081,8.7197,7.5417,0.1676,660.43
9.938085,5.9137,8.3845,-0.5938,8.1834,8.3462,-1.0534,660.43
9.958088,5.3678,8.4659,-0.4310,7.3310,8.0637,-0.0383,660.43
9.978094,4.7309,9.2081,-0.6991,6.8139,9.2368,-0.6416,660.43
9.998094,4.7645,9.2081,-1.1013,5.9711,9.1123,-0.6752,660.43
10.018098,3.5961,9.1459,-0.1484,5.2194,9.0309,-1.2115,660.87
10.059005,2.1356,9.6438,-0.8092,4.5490,9.4332,-1.3551,660.87
10.079010,2.2889,10.4675,-0.3017,3.9217,9.0980,0.6608,660.87
10.099011,1.4940,10.1323,-0.3304,3.3423,9.8450,0.2203,660.87
10.119015,0.7901,10.4579,-0.0335,2.4373,9.3326,0.3400,660.87
10.139019,0.2634,10.2137,-0.3352,2.3367,10.7260,-0.6225,660.87
10.159021,-0.0814,9.5433,-0.0958,1.9680,9.8450,-0.3974,660.87
10.179022,-0.9146,10.5776,-0.0814,1.0104,10.7500,0.2777,660.87
10.199022,-1.4222,9.4763,-0.2586,0.2634,9.7731,-0.5986,660.87
10.219024,-2.1500,9.9168,0.1197,-0.3256,9.8019,-0.6560,660.87
10.239025,-2.8491,10.0173,-0.2203,-1.1492,9.4140,-0.0287,660.87
10.259026,-3.2801,9.4906,-0.0910,-1.6328,9.3757,-1.2163,660.87
10.279026,-3.9121,9.2368,-0.1437,-1.9728,9.1411,-0.6704,660.87
10.299030,-4.3622,8.9064,-0.5171,-2.7533,8.6287,-0.3879,660.87
10.319033,-4.9033,8.6191,-0.0575,-3.2034,8.2744,-1.1779,660.87
10.339034,-5.5210,8.3701,-0.2586,-3.7206,8.0014,-0.9481,660.87
10.359037,-5.8514,8.0876,-0.2490,-4.1659,7.6806,-0.3543,660.87
10.379039,-6.0573,7.5896,-0.2011,-4.4963,7.2257,-0.3448,660.87
10.399042,-6.9192,7.3358,-0.1389,-5.1811,7.0006,-0.8571,660.87
10.419042,-6.9336,6.7564,-0.1963,-5.3056,6.3015,-0.6129,660.87
10.439042,-8.1642,6.6990,-0.1867,-6.7421,6.6511,-0.4693,660.87
10.459042,-6.6415,5.3822,-0.0766,-5.8849,5.0805,-1.1684,660.87
10.479045,-8.8777,5.4588,0.0144,-7.0054,4.9273,-0.1580,660.87
10.499049,-8.1020,5.2241,-0.2729,-6.5601,4.9656,-0.8667,660.87
10.519051,-8.3749,4.7357,0.3208,-7.1730,4.5442,-1.2306,660.87
10.539053,-8.7484,4.0989,-0.2346,-7.1395,3.5721,-0.8954,660.87
10.559057,-8.9112,3.5865,0.0335,-7.5130,3.4524,-0.7949,660.87
10.579061,-9.1602,2.9018,0.0383,-7.4651,2.6288,-0.9481,660.87
10.599063,-9.3470,2.3607,0.0479,-7.8386,2.1787,-1.0582,660.87
10.619063,-9.6343,1.8818,-0.0048,-8.2121,1.8292,-1.5897,660.87
10.639064,-9.4332,0.9960,0.0335,-7.9344,1.1492,-0.3879,660.87
10.659068,-9.4954,0.4166,0.2825,-8.0445,0.2059,-0.4357,660.87
10.679068,-9.2177,0.3256,0.0910,-7.7620,-0.0048,-0.5459,660.87
10.699072,-9.7013,-0.3112,0.1532,-8.1403,-0.7326,-0.1245,660.87
10.719072,-9.1219,-1.0487,0.1006,-7.6567,-1.1349,0.1484,660.87
10.739074,-9.3565,-1.8771,0.1053,-7.8482,-2.1979,0.0479,660.87
10.759077,-9.4236,-1.9249,0.0096,-7.8195,-2.2553,-0.4693,660.87
10.779079,-9.2656,-2.6911,0.2394,-7.9104,-2.9497,-0.5459,660.87
10.799080,-9.0980,-3.4237,0.2394,-7.3550,-3.7302,0.2059,660.87
10.819988,-8.8633,-3.7637,0.2538,-7.1874,-4.0270,-0.9385,660.87
10.839989,-8.6191,-4.2234,0.3783,-7.2688,-4.2042,-0.2251,660.87
10.859989,-8.3989,-4.8171,0.1820,-6.8474,-5.5785,0.1580,660.87
10.879993,-8.0062,-5.0230,0.2442,-6.5841,-5.5210,-0.3496,660.87
10.899994,-7.9009,-5.6216,0.4357,-6.6224,-6.0573,0.3591,660.87
10.919994,-7.3502,-5.6120,0.2059,-5.7509,-6.0142,-0.2394,660.87
10.939997,-7.0725,-6.9192,0.5602,-5.5976,-6.7995,-0.3017,660.87
10.959997,-6.5122,-6.6415,0.0144,-5.2577,-7.1299,0.1053,660.87
10.980000,-6.5027,-7.3981,0.7422,-5.2337,-7.9104,0.8332,660.87
11.000005,-5.7461,-8.2839,0.3496,-4.2186,-8.5760,0.3160,661.40
11.041005,-4.9704,-8.1738,0.3400,-3.7350,-8.1259,0.2203,661.40
11.061008,-4.7357,-8.4803,0.4405,-3.4524,-8.7963,0.3687,661.40
11.081010,-4.4724,-8.7819,0.3687,-3.0789,-9.0022,1.0151,661.40
11.101012,-4.1037,-8.7293,0.3017,-2.6528,-8.8490,0.2251,661.40
11.121016,-3.4764,-9.1411,0.4357,-2.2122,-9.2320,0.3304,661.40
11.141016,-3.1508,-9.0884,0.2155,-1.7813,-9.2847,-0.0239,661.40
11.161016,-2.7964,-9.6151,0.5986,-1.5179,-10.1275,0.6225,661.40
11.181020,-2.2410,-9.2608,0.4549,-1.0774,-9.4906,-0.3783,661.40
11.201021,-1.9968,-10.0604,0.5507,-0.6752,-10.3525,0.8906,661.40
11.221021,-1.4509,-9.2991,0.1484,-0.2203,-9.4763,0.3448,661.40
11.241023,-0.8571,-9.9311,0.4597,0.3687,-9.8593,0.7039,661.40
11.261026,-0.6608,-9.6774,0.3974,0.6800,-9.7779,0.8380,661.40
11.281027,-0.1437,-10.0126,0.3879,0.9720,-10.0940,0.6416,661.40
11.301031,0.3639,-9.5337,0.4980,1.3503,-9.3518,0.5459,661.40
11.321035,0.7805,-10.0413,0.5602,1.7813,-10.2280,0.8954,661.40
11.341039,1.1540,-9.6343,0.2777,2.2984,-9.6965,0.7087,661.40
11.361042,1.3455,-9.8641,0.7374,2.7629,-10.1466,0.7135,661.40
11.381042,2.0590,-9.7348,0.9960,2.6528,-10.0461,0.6033,661.40
11.401042,2.1165,-9.5960,0.2969,3.2705,-10.2663,0.6225,661.40
11.421042,2.5043,-9.3278,0.4645,3.5961,-9.5816,1.0487,661.40
11.441042,2.9736,-9.5816,0.4022,4.1803,-9.6295,0.9337,661.40
11.461043,3.5147,-8.8107,0.2346,4.4053,-8.4228,0.3591,661.40
11.481045,4.0079,-9.2895,0.6129,5.3534,-9.1698,0.8619,661.40
11.501047,4.3862,-8.7628,0.4022,5.4540,-8.9016,0.3208,661.40
11.521047,4.8746,-8.5904,0.5219,5.7078,-8.8585,1.1971,661.40
11.541051,4.9464,-8.1930,0.4405,5.8945,-8.1451,0.4884,661.40
11.561051,5.3678,-8.1451,0.5794,6.2201,-8.2983,1.1013,661.40
11.581054,5.7269,-7.7524,0.5267,6.5314,-7.5369,1.5706,661.40
11.601058,6.0813,-7.7428,0.2921,7.0390,-7.8290,0.7757,661.40
11.621058,6.1627,-7.3502,0.3926,7.0916,-7.1826,0.3926,661.40
11.641058,6.5505,-7.3502,0.5890,7.5800,-7.2305,1.2306,661.40
11.661058,6.3638,-7.0294,0.3735,7.2065,-6.7181,0.3065,661.40
11.681058,7.1587,-6.9623,0.5459,7.9679,-6.7277,1.4461,661.40
11.701059,7.2401,-6.4356,0.1101,8.0445,-6.1962,0.5315,661.40
11.721059,8.0110,-6.1052,-0.0144,8.9352,-5.9280,0.6321,661.40
11.741061,8.2121,-5.5976,0.1389,9.1842,-5.5498,0.4501,661.40
11.761063,8.2121,-5.1475,0.1772,9.2416,-5.1140,1.1540,661.40
11.781064,8.0302,-5.6647,0.3112,8.9974,-5.0661,0.0670,661.40
11.801069,8.3127,-5.0087,0.4980,9.2943,-4.5538,1.0774,661.40
11.821069,8.2504,-5.2529,0.0958,9.3039,-4.2952,0.5650,661.40
11.841070,8.5329,-5.1811,0.1963,9.3613,-4.1037,0.7661,661.40
11.861073,8.5473,-4.5490,0.4214,9.7300,-3.5865,1.2833,661.40
11.881074,8.4803,-4.2952,0.4645,9.8785,-3.2753,1.0534,661.40
11.901074,9.0309,-3.8690,0.2442,10.3046,-2.6480,0.6033,661.40
11.921078,9.3087,-3.3758,-0.0335,10.9223,-1.8483,0.5363,661.40
11.941079,9.5098,-2.7916,-0.1628,10.9942,-1.5945,0.9098,661.40
11.961082,9.8210,-2.1691,0.2682,11.3294,-1.2258,1.2641,661.40
11.981085,10.3286,-1.2354,0.0144,11.6741,-0.5986,1.7717,661.40
12.001085,10.3813,0.4597,-0.3256,11.8226,-0.0670,2.6624,661.05
12.042002,10.5441,1.5658,-0.7183,12.1673,1.1636,1.8196,661.05
12.062002,9.9551,2.5091,-0.3831,11.5305,2.4325,-0.7326,661.05
12.082006,9.4667,3.3567,-0.4357,11.1570,3.2322,1.8244,661.05
12.102009,9.0453,1.4988,-0.3974,10.7164,2.3224,-2.5283,661.05
12.122009,9.7923,3.8020,0.4357,12.0237,4.0893,2.8874,661.05
12.142010,9.1650,2.5857,0.4836,10.6350,4.3766,2.8730,661.05
12.162010,8.9399,3.6966,1.3264,11.1378,5.0135,2.8635,661.05
12.182010,8.7628,3.7493,0.3735,10.5824,4.7884,0.3256,661.05
12.202010,8.7724,4.8937,0.7422,10.2424,5.5115,1.3216,661.05
12.222010,8.4707,6.2297,0.0431,10.4531,6.2441,1.4461,661.05
12.242010,7.6279,6.1675,-0.1724,9.4427,6.2824,1.0534,661.05
12.262013,7.3023,6.7612,-0.8954,9.3230,6.6511,-0.5028,661.05
12.282015,6.8809,7.0342,-0.8954,8.2791,7.2065,-0.6273,661.05
12.302015,6.6942,9.2225,-0.5986,8.7197,9.0788,-0.0192,661.05
12.322015,4.9512,8.7963,-1.2019,6.9336,8.2025,-0.2538,661.05
12.342017,4.3622,9.3948,-1.2019,6.2058,8.3653,0.6656,661.05
12.362021,4.3287,9.3901,-0.3448,5.6503,9.2177,-2.1069,661.05
12.382024,3.4333,9.8976,-0.5507,5.6312,9.4427,0.0000,661.05
12.402026,3.1029,9.9455,-0.2251,4.7262,9.7109,-1.1732,661.05
12.422026,2.8683,9.5672,-0.6177,4.4293,9.3374,0.3926,661.05
12.442030,2.2218,9.6247,-0.4884,3.9121,9.2943,-0.7949,661.05
12.462032,2.5426,10.4291,-0.5555,3.9217,10.6829,-1.5036,661.05
12.482034,1.6233,10.3813,-0.5267,3.0263,9.8306,1.2067,661.05
12.502034,0.7757,9.7923,-0.2442,2.7964,9.6486,1.1061,661.05
12.522037,0.6225,9.6534,0.3304,1.8818,10.4291,0.0431,661.05
12.542037,-0.2298,10.5393,-0.7183,1.4461,10.3142,0.6416,661.05
12.562037,-0.6656,10.2568,0.2155,0.7614,10.3765,-0.0287,661.05
12.582042,-1.1875,9.7683,-0.4453,0.4214,9.5146,0.1532,661.05
12.602043,-2.2601,9.8641,-0.2921,-0.5794,10.1323,-0.4932,661.05
12.622047,-2.3607,10.1370,0.0814,-0.9194,10.4244,-0.4214,661.05
12.642047,-3.5291,9.6726,-0.4501,-1.9345,9.7396,-2.2936,661.05
12.662047,-3.8642,9.2991,0.1197,-2.0925,9.0549,0.9577,661.05
12.682051,-4.4484,8.9878,-0.1532,-2.8060,8.5904,-0.3639,661.05
12.702053,-4.6064,8.6191,-0.0239,-2.6288,9.0214,0.0910,661.05
12.722055,-5.0853,8.7532,0.1245,-3.3758,9.1171,-0.9864,661.05
12.742058,-5.7844,8.5760,-0.2394,-4.0606,8.6383,-1.1540,661.05
12.762058,-6.3494,7.5082,-0.2346,-4.4293,7.2065,-0.3112,661.05
12.782058,-7.1012,7.1874,-0.1484,-5.2768,6.9671,-0.9625,661.05
12.802058,-6.7612,6.4021,-0.2825,-5.1763,6.0621,-0.5794,661.05
12.822058,-7.5753,6.3446,0.0096,-5.6168,5.9089,-1.3264,661.05
12.842058,-7.6902,5.2816,-0.1437,-5.9041,4.8459,-0.5507,661.05
12.862058,-7.9440,5.3151,-0.1820,-6.3398,4.9225,-0.3543,661.05
12.882058,-8.8011,3.9696,-0.0192,-6.8139,3.6105,0.7087,661.05
12.902058,-8.8873,3.7733,0.1053,-6.9528,3.3279,-0.3496,661.05
12.922058,-8.9974,3.0358,-0.0192,-6.9336,2.9640,-0.4884,661.05
12.942062,-9.1985,2.9209,0.0862,-7.4220,2.0303,-0.8715,661.05
12.962063,-9.1267,1.7382,-0.0575,-7.1299,1.6903,-0.4022,661.05
12.982067,-9.1315,1.3408,0.0766,-7.3119,0.9768,0.4166,661.05
13.002068,-9.0597,0.0575,-0.0814,-7.7476,-0.4262,-0.1676,661.40
13.043005,-9.3134,-0.9002,0.5890,-8.4803,-1.3695,-1.5706,661.40
13.063005,-9.1842,-1.4509,0.0862,-7.0102,-2.0159,-1.4653,661.40
13.083006,-9.2751,-2.2697,0.3831,-7.3023,-3.0071,-0.6991,661.40
13.103010,-8.7245,-2.4086,0.3879,-7.5322,-3.3615,-0.5698,661.40
13.123014,-9.2033,-3.7685,0.4118,-7.1204,-4.2856,-0.1628,661.40
13.143016,-8.3701,-4.7166,0.2346,-6.6080,-4.7932,0.0431,661.40
13.163016,-8.6048,-4.5538,0.1341,-6.6367,-5.1906,-0.2825,661.40
13.183020,-8.5760,-5.3391,0.2825,-6.6080,-5.5689,0.2442,661.40
13.203021,-8.1499,-5.4971,0.2586,-6.5170,-5.8802,-0.6608,661.40
13.223021,-7.7285,-5.8419,0.2442,-6.0142,-6.3303,0.2394,661.40
13.243021,-7.2688,-5.8419,0.2729,-5.5976,-6.5888,-0.0192,661.40
13.263022,-7.0437,-6.2968,0.2777,-5.6024,-6.9623,0.1484,661.40
13.283025,-6.6702,-7.3071,-0.2825,-5.0087,-7.4220,1.9058,661.40
13.303027,-6.8187,-7.5848,0.0527,-4.7645,-8.1163,0.4788,661.40
13.323030,-5.6599,-8.0302,0.1628,-3.9648,-8.0685,0.0670,661.40
13.343032,-5.0613,-8.3270,0.0766,-3.7206,-8.7915,-0.0622,661.40
13.363037,-4.8650,-8.6335,0.1341,-3.4668,-9.0597,-0.3591,661.40
13.383040,-4.2665,-8.4994,0.2203,-2.8587,-9.0453,0.5650,661.40
13.403044,-3.7924,-9.0980,0.9290,-2.4421,-9.6486,0.8859,661.40
13.423048,-3.2513,-9.0070,0.7709,-1.8962,-9.2368,1.2641,661.40
13.443048,-3.1029,-9.6438,0.8715,-1.8435,-9.9695,1.3264,661.40
13.463052,-2.5809,-9.2703,1.2977,-1.3934,-9.3518,1.7238,661.40
13.483053,-2.6097,-9.1075,0.8763,-1.5179,-9.4236,1.1109,661.40
13.503053,-2.0255,-9.5098,0.8906,-0.9242,-9.4715,0.9529,661.40
13.523053,-1.4844,-9.6247,0.8140,-0.3543,-10.0556,1.3360,661.40
13.543058,-1.0630,-9.6391,0.8380,-0.0431,-9.5529,0.6416,661.40
13.563062,-0.7374,-9.8593,0.9529,0.3112,-9.8737,1.4509,661.40
13.583065,-0.6129,-9.7061,0.8045,0.5746,-9.7396,1.3072,661.40
13.603067,-0.0383,-9.3039,0.8667,0.8284,-9.0740,1.5945,661.40
13.623068,-0.3687,-9.1411,0.6991,0.8428,-9.1985,0.6752,661.40
13.643069,0.3591,-9.7252,0.7183,1.3168,-9.5098,1.1492,661.40
13.663073,0.4788,-9.7300,0.7278,1.4796,-9.4092,0.8859,661.40
13.683074,1.4078,-10.1610,1.6281,2.3942,-9.4810,1.4796,661.40
13.703074,1.0822,-9.1171,0.8188,2.4325,-8.7580,0.6033,661.40
13.723074,2.0877,-9.3470,0.9577,3.4429,-9.2416,1.1684,661.40
13.743074,2.1404,-9.8258,1.1492,3.6727,-9.5098,1.2641,661.40
13.763074,2.8108,-9.5529,0.9816,3.8786,-9.3039,1.4509,661.40
13.783074,2.7150,-9.2033,0.4597,4.0462,-8.0589,0.7566,661.40
13.803077,3.6248,-9.2033,0.6177,4.7597,-8.2983,1.0774,661.40
13.823079,3.7445,-8.6862,0.4693,4.9704,-7.2640,0.0000,661.40
13.843079,4.3527,-8.9208,1.2594,5.6647,-7.4747,3.2753,661.40
13.863080,4.8028,-8.3127,1.0678,6.2441,-7.1682,0.0287,661.40
13.883080,5.3678,-8.5521,0.8811,6.9336,-7.8434,1.5706,661.40
13.903080,5.3965,-7.7668,0.6416,7.0533,-6.8091,0.3448,661.40
13.923085,6.2153,-7.7620,1.0151,7.8195,-7.0102,0.3879,661.40
13.943085,6.3782,-7.4460,0.8332,7.8386,-6.9049,0.7326,661.40
13.963085,6.8235,-7.0916,1.1923,8.7005,-6.0813,0.2921,661.40
13.983086,7.0964,-6.5362,0.7997,8.9974,-5.7652,1.4030,661.40
14.003090,8.2887,-5.3774,0.1293,10.3669,-4.8076,0.9146,661.05
14.044002,9.0166,-4.7692,0.5602,10.8888,-4.5633,-0.1580,661.05
14.064004,8.8921,-4.0510,0.6129,10.8505,-3.9313,0.1245,661.05
14.084005,9.2943,-4.1372,1.0726,11.5496,-2.3655,1.1205,661.05
14.104010,9.6055,-3.0837,-0.2682,11.5640,-2.6815,0.5698,661.05
14.124010,9.4667,-2.2266,-0.6608,12.0955,-1.8483,0.4262,661.05
14.144011,10.0078,-1.5275,0.3208,11.9231,-0.5555,0.7518,661.05
14.164013,10.2472,-0.5267,1.0534,11.8848,-0.0383,1.7334,661.05
14.184017,9.9551,-0.6464,0.4118,12.0620,-0.1437,0.6369,661.05
14.204022,10.2951,0.4022,0.2634,12.4355,0.7278,0.9577,661.05
14.224026,9.9982,0.7326,0.2777,12.3732,1.0870,0.7087,661.05
14.244026,9.3565,0.9960,0.4022,11.6119,1.6903,2.1452,661.05
14.264029,10.6063,3.2178,0.7997,12.5839,3.6392,0.8811,661.05
14.284031,9.4715,2.6240,0.1149,11.7986,3.1699,0.6991,661.05
14.304032,9.5720,3.8259,0.0766,12.1434,3.9504,-0.1389,661.05
14.324032,9.7923,4.2856,0.1006,12.0285,4.4724,0.2155,661.05
14.344037,8.5904,4.7357,-0.1724,11.0852,4.7405,0.1101,661.05
14.364037,8.9783,6.1292,0.3735,11.4634,6.3111,0.4980,661.05
14.384037,8.0062,6.2297,0.1580,10.5058,6.3542,0.5555,661.05
14.404038,7.4555,6.7086,0.3304,10.0556,7.0629,0.5555,661.05
14.424042,7.0820,7.5274,-0.1484,9.4427,7.5465,-0.0096,661.05
14.444042,6.8187,7.8673,-0.3160,9.2943,8.1642,0.0670,661.05
14.464042,5.6982,8.1307,0.0670,8.2169,8.5329,0.0622,661.05
14.484044,5.6312,9.0405,0.3591,8.2121,9.3087,0.9625,661.05
14.504045,4.7692,9.0932,0.2346,7.4220,9.3278,-0.1628,661.05
14.524047,4.0749,9.2225,0.3208,6.5793,9.3470,0.2394,661.05
14.544047,3.3184,9.4236,0.1772,5.9903,9.5529,-0.1101,661.05
14.564047,3.0023,10.3717,0.3112,5.7126,10.1897,0.8236,661.05
14.584048,1.4317,9.5912,0.0575,4.5155,9.6582,1.0965,661.05
14.604053,1.8675,10.5584,0.7039,4.8267,10.4387,0.1389,661.05
14.624053,0.8859,9.0597,0.1676,3.1316,8.8059,-1.3743,661.05
14.644053,-0.3687,11.2432,0.2825,2.0877,11.0085,1.6616,661.05
14.664054,-0.6800,10.4052,0.4597,1.7957,10.8553,1.0774,661.05
14.684058,-1.5083,9.2320,0.2538,1.0151,9.4044,0.5698,661.05
14.704061,-2.7007,10.0556,0.3926,0.2777,10.2711,-0.1197,661.05
14.724063,-2.7821,9.2656,0.2107,-0.1963,9.2656,-0.1963,661.05
14.744066,-3.8882,9.7492,0.5794,-1.2594,9.5720,1.0582,661.05
14.764067,-4.7740,8.3893,0.5698,-1.8100,8.2648,0.5890,661.05
14.784067,-5.1284,8.6048,0.5986,-2.2314,8.3558,0.5411,661.05
14.804069,-5.3008,7.9248,0.2777,-2.6097,7.9248,0.3352,661.05
14.824069,-6.2537,7.5465,0.4884,-3.3375,7.6375,0.1532,661.05
14.844069,-7.0150,7.2161,0.3879,-3.9409,7.2640,0.0766,661.05
14.864069,-6.8666,5.9951,0.4405,-4.3383,5.6024,-0.4405,661.05
14.884069,-7.7428,5.8131,0.8763,-5.1571,5.2768,-0.0431,661.05
14.904074,-8.3366,4.8746,0.9002,-5.3295,5.5115,1.0056,661.05
14.924078,-8.2839,4.9464,0.2538,-5.7652,4.7022,-0.5507,661.05
14.944079,-8.7963,3.5195,0.7422,-6.1004,3.3040,-1.2067,661.05
14.964079,-8.5665,2.8778,0.5219,-5.1715,2.4373,2.5187,661.05
14.984079,-9.2703,1.6328,0.3879,-6.8043,1.3982,1.9920,661.05
15.004079,-9.3134,0.2921,0.5267,-6.1100,-0.3065,-0.3591,661.22
15.044998,-9.4475,-0.6129,0.7566,-6.7708,-1.1588,0.2634,661.22
15.064999,-8.9830,-1.2929,0.5315,-5.9137,-1.5706,1.8483,661.22
15.085003,-9.2129,-2.4277,0.4214,-6.1004,-3.0263,2.0542,661.22
15.105005,-8.5521,-2.5283,0.5267,-6.1483,-2.7629,0.7901,661.22
15.125009,-8.6622,-3.3902,1.0151,-5.7413,-3.8499,0.1963,661.22
15.145011,-8.0924,-3.9696,0.5411,-5.2625,-4.5873,-0.7566,661.22
15.165013,-8.7436,-5.6503,0.9816,-5.4779,-5.6264,-0.8332,661.22
15.185014,-6.9528,-5.0949,0.7183,-4.5059,-5.7940,1.3264,661.22
15.205016,-7.3310,-6.2680,0.4118,-4.6064,-6.6846,1.2450,661.22
15.225018,-6.7612,-6.7852,0.8571,-3.8930,-6.5505,0.3591,661.22
15.245021,-6.4596,-7.0916,0.7039,-3.3902,-7.2353,0.4597,661.22
15.265023,-6.2728,-6.9240,1.1013,-3.2944,-7.7285,1.4222,661.22
15.285023,-5.0374,-8.3558,0.9625,-2.6193,-8.5234,1.3982,661.22
15.305026,-4.6831,-8.2361,0.9194,-1.9824,-8.3941,-0.4166,661.22
15.325030,-4.0701,-8.9926,0.6560,-1.2785,-9.3613,0.7135,661.22
15.345030,-3.5099,-9.4092,0.7230,-0.8906,-9.6007,0.1820,661.22
15.365030,-2.6097,-8.7149,0.5459,-0.0670,-8.6574,0.5171,661.22
15.385031,-2.2793,-9.5768,0.7374,0.3448,-9.5002,1.1205,661.22
15.405034,-1.6855,-9.6199,0.5746,0.7853,-9.8306,0.6895,661.22
15.425034,-0.9146,-9.1267,0.3879,1.4892,-9.5002,1.2737,661.22
15.445036,-0.4357,-10.1610,0.7997,2.2505,-9.7875,0.1293,661.22
15.465036,0.3543,-9.5337,0.5411,2.9784,-9.4523,-0.2442,661.22
15.485038,1.0630,-10.4531,0.6416,3.4860,-10.5919,1.2115,661.22
15.505041,1.6855,-9.3709,0.3496,4.1707,-9.5433,0.6800,661.22
15.525045,2.5570,-10.1131,0.4980,4.9799,-10.5105,0.9290,661.22
15.545045,2.8730,-8.8729,0.2011,4.9512,-9.0788,-0.2059,661.22
15.565047,3.8499,-9.6486,1.1301,5.6838,-9.9838,1.4269,661.22
15.585051,4.2042,-8.8346,0.7374,6.2201,-9.1602,0.9529,661.22
15.605051,4.7501,-8.9639,0.7661,7.1587,-8.8250,0.8140,661.22
15.625053,5.1523,-8.2696,0.4501,7.9344,-8.0445,0.7614,661.22
15.645058,5.8658,-8.0206,0.3926,8.0206,-8.7580,2.1117,661.22
15.665058,7.0677,-7.5322,1.0391,9.0549,-8.2025,0.1053,661.22
15.685058,6.6272,-7.1682,0.6991,9.2129,-7.6710,-0.5602,661.22
15.705060,7.3406,-6.5841,0.8140,9.7300,-6.6846,2.1213,661.22
15.725060,8.2121,-6.5841,0.2729,10.1275,-6.4596,1.0965,661.22
15.745064,7.9296,-5.2864,0.5459,10.3525,-5.2481,-0.0192,661.22
15.765068,8.6670,-5.3822,0.4932,11.2336,-5.2098,1.3408,661.22
15.785071,9.1698,-4.4963,0.7614,11.4682,-4.6878,1.5945,661.22
15.805076,9.1028,-3.6344,0.3017,11.4586,-3.7350,1.8483,661.22
15.825080,9.7779,-3.1843,0.5076,11.8800,-3.1556,1.5610,661.22
15.845083,9.4571,-2.5905,-0.0910,11.5640,-2.4995,-0.1389,661.22
15.865086,9.9455,-2.2027,0.6991,12.2104,-2.5905,0.6943,661.22
15.885087,9.8689,-1.1205,0.5171,12.0811,-1.2210,0.6847,661.22
15.905089,10.7404,-0.8140,0.7853,12.7324,-0.8763,1.4653,661.22
15.925093,9.5960,-0.0814,-0.3208,12.0045,-0.4501,-0.3112,661.22
15.945097,10.1706,1.0008,0.3496,12.2344,0.6752,0.2011,661.22
15.965100,10.0461,1.3120,0.2107,12.0476,0.9002,0.7326,661.22
15.985103,10.2663,2.3032,0.5602,12.1769,1.9585,1.2785,661.22
16.005104,9.9120,3.5961,0.5650,11.1618,4.1659,-0.7997,660.69
16.046000,9.7109,4.1132,0.2729,11.6310,4.8650,-0.4166,660.69
16.066000,9.4475,4.8842,0.5411,10.9559,5.3008,0.9864,660.69
16.086004,8.3653,5.2002,0.0287,10.7069,5.6551,0.6081,660.69
16.106005,8.2313,5.9568,0.0575,10.1993,5.7317,0.6560,660.69
16.126006,8.2313,6.0861,0.2777,9.9599,6.1052,0.7757,660.69
16.146007,7.8865,6.3973,0.2873,9.6965,6.2584,-0.3400,660.69
16.166011,7.9152,6.9001,0.4501,9.4954,7.3358,0.0192,660.69
16.186014,6.6367,6.7564,-0.0431,8.8825,7.1778,0.2011,660.69
16.206015,6.7564,8.0780,0.3304,8.7388,8.0062,0.3160,660.69
16.226020,6.3638,7.8913,-0.0287,8.3941,8.4994,0.8332,660.69
16.246020,6.2441,8.1163,0.6177,7.9057,8.5281,1.0151,660.69
16.266020,5.3056,8.9352,0.9098,7.2257,9.1937,0.9720,660.69
16.286021,4.9273,8.7436,0.3591,6.7947,9.2081,0.9912,660.69
16.306021,4.1946,9.3374,0.1197,6.1531,9.9551,0.2490,660.69
16.326021,4.0270,9.4523,0.4549,6.1770,9.6103,1.1540,660.69
16.346021,3.2226,9.6774,0.4932,5.1906,10.2951,0.2011,660.69
16.366021,3.0502,9.5577,0.1867,5.0613,9.7588,0.1867,660.69
16.386025,2.3655,10.5393,0.1676,4.5825,10.4196,1.6807,660.69
16.406027,1.4030,9.6726,-0.2873,3.7350,9.9742,-0.0287,660.69
16.426030,0.6416,10.1083,-0.1293,3.6536,9.8833,1.8340,660.69
16.446032,-0.1867,10.4914,-0.5650,1.6712,10.0700,0.8092,660.69
16.466037,-1.0487,10.5728,-0.3735,0.8667,9.6534,-1.2354,660.69
16.486037,-2.3990,9.5720,-0.9337,-0.1101,8.9687,-0.8571,660.69
16.506037,-3.9361,10.1466,-0.8954,-1.5754,9.2081,-0.5555,660.69
16.526042,-3.5530,9.1698,-1.0918,-1.4892,8.6143,-1.5610,660.69
16.546042,-4.2904,9.7588,-0.2490,-2.2601,10.1945,-1.4892,660.69
16.566046,-3.4668,9.1123,0.4310,-0.0670,10.7595,0.9385,660.69
16.586051,-3.3232,8.0397,2.4373,-1.9585,10.8793,-0.8236,660.69
16.606053,-5.1763,8.9160,0.1676,-2.8922,8.4946,-0.6752,660.69
16.626053,-5.8371,7.4364,0.6847,-3.0023,8.0397,1.9058,660.69
16.646053,-6.4021,7.5034,0.3639,-4.1851,7.7141,0.8667,660.69
16.666055,-6.2584,6.8666,-0.0910,-3.9696,7.0006,-0.2298,660.69
16.686055,-7.3071,6.8474,-0.0239,-4.7884,7.0198,-1.3312,660.69
16.706058,-7.1491,5.8802,-0.5698,-4.5969,5.0470,-1.1923,660.69
16.726060,-8.5138,5.3870,-0.7661,-6.4356,4.7645,-0.5938,660.69
16.746063,-8.6622,3.9121,-0.6273,-5.7892,3.4907,-1.3599,660.69
16.766063,-9.7348,3.2753,-0.1484,-7.2161,2.8635,-0.9050,660.69
16.786067,-8.7676,2.3367,-0.4788,-7.1251,1.5993,-1.7669,660.69
16.806069,-9.5098,1.9106,-0.5986,-6.8618,0.9673,-0.7661,660.69
16.826069,-9.4523,1.0918,-0.5411,-6.7995,0.1053,-0.0862,660.69
16.846072,-9.7540,0.3208,-0.2059,-7.5274,-0.2634,-1.5275,660.69
16.866072,-9.2847,-0.4788,-0.2203,-7.1539,-1.2833,-0.7805,660.69
16.886074,-9.4763,-0.9481,0.4453,-7.2401,-0.8045,-1.1157,660.69
16.906074,-8.8011,-1.1253,-0.0862,-6.5362,-1.5850,-0.9433,660.69
16.926074,-9.5385,-1.9201,0.4597,-7.0102,-1.7526,-0.6416,660.69
16.946074,-8.4563,-2.2027,0.0000,-6.0717,-1.8914,-0.5411,660.69
16.966076,-9.4284,-3.7445,0.2155,-7.0294,-4.3383,-0.1484,660.69
16.986080,-8.0445,-3.8499,0.0575,-5.7844,-3.8403,-0.2490,660.69
17.006085,-7.3789,-4.8650,0.0192,-5.0566,-4.7118,-0.1341,661.40
17.047005,-7.9392,-6.0861,0.2825,-5.7940,-6.3446,-0.1341,661.40
17.067005,-6.8235,-5.9520,-0.1053,-4.3718,-5.8035,-0.8332,661.40
17.087006,-6.8714,-7.4555,-0.0527,-4.7166,-7.3310,-0.3160,661.40
17.107006,-6.0669,-7.1108,-0.2442,-3.7158,-7.2401,-0.6369,661.40
17.127010,-5.7365,-8.2408,-0.0718,-3.4141,-8.2744,-0.8859,661.40
17.147013,-5.1236,-7.9679,-0.0718,-2.8347,-8.0206,0.2203,661.40
17.167015,-4.4388,-9.3901,0.0479,-2.0782,-9.2512,0.9960,661.40
17.187019,-4.8698,-9.1171,0.5938,-1.7765,-8.5281,1.3455,661.40
17.207020,-3.2034,-8.9830,-0.1006,-1.0487,-9.2751,0.5459,661.40
17.227021,-2.6576,-9.6869,0.1197,-0.4884,-9.9647,0.4980,661.40
17.247021,-2.1213,-9.3853,-0.0144,0.0287,-9.9072,-1.0439,661.40
17.267024,-1.7526,-9.6055,0.0287,0.8811,-9.7252,-0.5602,661.40
17.287026,-1.0822,-9.6247,-0.0718,1.2306,-9.7971,-0.0766,661.40
17.307026,-0.4310,-9.7923,0.0096,1.6281,-9.6438,0.0814,661.40
17.327029,0.3926,-9.8976,0.0958,2.6480,-9.8545,0.9433,661.40
17.347032,0.9242,-10.2711,0.2969,3.1460,-10.3669,0.2729,661.40
17.367032,1.4844,-9.3039,0.0144,3.7972,-9.4236,-0.1820,661.40
17.387032,2.2505,-10.3334,0.3591,4.5059,-10.1323,0.7039,661.40
17.407032,2.4469,-8.6287,-0.4357,4.6495,-8.5377,-0.1149,661.40
17.427037,3.5817,-9.6917,0.2729,5.6982,-9.8881,0.9337,661.40
17.447037,3.8642,-9.0884,0.0431,5.9903,-8.9639,-0.3352,661.40
17.467039,4.6831,-8.7245,0.1053,6.9192,-8.9783,0.7135,661.40
17.487042,5.2816,-8.6143,0.0144,7.4172,-8.6910,0.7805,661.40
17.507042,5.7365,-7.9871,-0.0192,7.8817,-8.3462,0.3543,661.40
17.527043,6.3303,-7.8434,0.2251,8.1594,-7.7428,1.3072,661.40
17.547047,6.7229,-7.4029,0.0910,8.4084,-7.2305,1.0630,661.40
17.567047,6.6080,-6.4691,0.2298,8.4851,-6.3494,-0.4980,661.40
17.587051,7.8434,-6.5457,0.2921,9.9024,-5.9807,-0.0622,661.40
17.607053,7.8673,-5.8897,0.0000,9.6774,-5.9664,1.1444,661.40
17.627053,8.2408,-4.7788,-0.3304,9.7588,-4.6639,0.5124,661.40
17.663973,9.3709,-4.7166,0.2873,10.8649,-4.9033,1.9106,661.40
17.683977,8.8394,-3.8978,0.0910,10.6159,-4.0270,1.4461,661.40
17.703978,9.7875,-3.4046,0.0766,11.4730,-3.4381,0.9050,661.40
17.723978,9.6343,-2.8970,-0.1628,11.3533,-2.8443,0.9433,661.40
17.743978,9.5098,-2.3032,-0.0335,10.9798,-2.3607,1.2402,661.40
17.763978,9.9647,-1.9728,-0.6895,11.7555,-1.9632,-0.1006,661.40
17.783978,9.5768,-1.1349,0.0527,11.0852,-0.9864,0.5171,661.40
17.803982,10.4244,-0.8380,0.4884,11.7699,-1.2019,1.4844,661.40
17.823984,9.5720,0.0622,-0.3591,11.2192,-0.1293,0.5842,661.40
17.843984,10.0892,0.6321,0.2251,11.3964,0.5171,1.0056,661.40
17.863984,10.1801,0.9337,0.1293,11.2192,0.6656,0.7422,661.40
17.883984,10.0030,1.7765,-0.2059,10.7787,1.4748,0.8571,661.40
17.903986,9.7588,2.0638,0.0048,11.1378,1.8148,0.3926,661.40
17.923989,9.3661,2.3272,-0.2298,10.6542,2.2458,0.8380,661.40
17.943989,9.4236,3.2274,0.2538,10.6494,3.0358,0.3448,661.40
17.963989,9.4284,3.4429,0.3065,10.7739,3.4046,1.0582,661.40
17.983991,9.3948,4.0462,0.2155,10.3286,3.9887,0.9816,661.40
18.003994,8.8250,4.9273,0.1484,9.6007,4.9416,-0.2538,660.60
18.043993,8.8873,5.3822,0.4310,9.4906,4.7549,-0.0766,660.60
18.063994,8.3366,5.3774,0.0287,9.3278,5.1427,0.7039,660.60
18.083994,8.2169,6.1531,0.1053,8.9639,6.0047,0.3687,660.60
18.103996,8.1403,6.1292,0.0910,9.0932,5.8083,0.4118,660.60
18.124000,7.2688,5.8562,0.2011,8.2361,6.0956,1.0582,660.60
18.144005,8.0637,6.8618,0.2490,8.2217,6.8474,-0.2682,660.60
18.164006,7.0916,6.8618,0.0335,7.9775,7.2736,0.6895,660.60
18.184010,7.0868,7.3119,0.2107,8.0589,7.4555,0.9242,660.60
18.204010,6.8426,7.1108,0.2873,8.0876,7.4412,-0.2777,660.60
18.224010,6.6607,8.0589,0.0527,7.4220,8.2313,0.1149,660.60
18.244010,6.0334,7.6950,0.0192,7.0820,7.9918,0.6847,660.60
18.264013,6.3446,8.6000,0.1149,7.3933,9.1650,0.9290,660.60
18.284013,5.6360,8.6431,0.0527,6.8714,9.0740,0.3112,660.60
18.304014,5.5929,8.4803,-0.0910,6.6463,9.0166,0.3400,660.60
18.324016,5.0757,9.0405,0.1724,6.1435,9.6822,0.3974,660.60
18.344016,5.1667,9.3374,0.3017,6.2249,10.0078,1.5514,660.60
18.364016,4.7645,9.2895,0.0862,5.6934,9.9742,0.5938,660.60
18.384021,3.8307,9.8114,-0.2442,5.6072,10.2041,0.5794,660.60
18.404021,3.6009,9.7683,-0.4022,4.9512,10.1466,-0.1053,660.60
18.424024,2.7294,10.9654,-0.6895,4.5107,11.4730,-0.3926,660.60
18.444026,2.1117,9.5193,-0.5938,3.5291,10.0461,-0.7566,660.60
18.464026,0.7422,10.2999,-1.0199,2.3032,10.1897,-1.8818,660.60
18.484026,-0.3065,10.6829,-1.1061,0.9098,10.5536,-0.6416,660.60
18.504029,-1.3791,10.0078,-1.2402,0.0910,9.4763,-2.2170,660.60
18.524033,-1.9393,9.8545,-1.2306,-0.4118,9.8067,-1.0295,660.60
18.544037,-1.5754,9.9742,-1.3695,0.0958,9.0692,1.3934,660.60
18.564037,-2.0159,9.9264,-0.3208,-0.7757,9.5624,-0.8092,660.60
18.584041,-2.0638,9.4427,0.1915,-0.5411,9.9359,0.0575,660.60
18.604042,-2.4373,9.7636,0.6512,-0.9002,10.0796,1.1301,660.60
18.624046,-2.9736,9.3757,0.6560,-1.4940,9.8210,0.4262,660.60
18.644047,-3.7972,9.1698,0.3926,-2.0494,9.4475,0.4118,660.60
18.664049,-3.8978,9.0357,0.1867,-2.5091,9.1602,0.6991,660.60
18.684050,-4.5011,8.9735,-0.3208,-2.8683,9.2943,-0.5698,660.60
18.704053,-4.9799,8.4084,-0.4693,-3.1508,8.7532,-1.1253,660.60
18.724057,-6.1148,7.8099,-0.5602,-4.3335,7.6950,-1.8627,660.60
18.744061,-6.4260,7.1682,-0.8475,-4.7884,6.8139,-1.0343,660.60
18.764063,-7.2832,6.8235,-0.9194,-5.9280,6.1914,-2.1117,660.60
18.784063,-8.1116,5.8993,-0.7422,-6.4404,5.3917,-2.3224,660.60
18.804063,-7.8865,5.1284,-1.1253,-6.5841,4.9464,-1.4317,660.60
18.824064,-8.7484,5.4396,-0.2777,-6.9097,4.3862,-1.3982,660.60
18.844069,-8.6622,4.5346,-0.5076,-7.1778,4.0797,-1.5371,660.60
18.864073,-8.7676,4.0366,-0.3831,-7.2975,3.2034,-1.3455,660.60
18.884073,-8.7915,3.5530,-0.4022,-7.3215,3.2130,-1.4653,660.60
18.904076,-9.2895,3.1795,-0.1101,-7.7045,2.3607,-1.1396,660.60
18.924079,-9.8689,2.1117,0.2155,-8.0828,1.6999,-1.3886,660.60
18.944081,-8.9447,2.5187,0.1915,-7.8434,2.2458,0.3879,660.60
18.964085,-9.4236,1.7957,0.0814,-7.5274,2.1691,0.6129,660.60
18.984087,-9.7923,1.5179,-0.0335,-8.2504,1.1205,-0.7853,660.60
19.004089,-9.5481,-0.1101,0.1915,-8.1020,0.0239,0.2011,661.49
19.045004,-9.4092,-0.3735,-0.2251,-7.9679,-0.6752,-0.5076,661.49
19.065005,-9.6486,-1.2689,0.0670,-8.0254,-1.2689,-0.8092,661.49
19.085010,-9.4332,-1.2929,-0.1149,-7.6519,-2.0207,-1.0534,661.49
19.105010,-9.3278,-2.3032,0.1101,-8.0302,-2.7629,-0.5315,661.49
19.125014,-9.1602,-2.7390,-0.0383,-7.8865,-3.0167,-0.5507,661.49
19.145018,-8.9543,-3.3950,-0.1724,-7.4077,-3.6488,-0.4980,661.49
19.165018,-8.5569,-3.8547,0.1676,-7.1730,-4.0318,0.0910,661.49
19.185021,-8.7580,-4.0701,0.3112,-7.4316,-4.2856,-1.1779,661.49
19.205022,-8.2839,-4.5442,0.1006,-6.7612,-4.7501,-0.2346,661.49
19.225022,-8.2552,-5.0949,0.1293,-6.7900,-5.2481,-0.2203,661.49
19.245026,-7.5226,-5.6168,0.3304,-5.9137,-5.5354,-0.3496,661.49
19.265026,-7.5178,-6.1579,0.1580,-5.9807,-6.3063,-0.2777,661.49
19.285029,-7.4412,-6.0047,0.0096,-5.7126,-6.1866,-1.3791,661.49
19.305031,-6.6655,-6.6224,0.2107,-5.1140,-6.5793,-0.2203,661.49
19.325034,-6.6990,-7.2401,0.3304,-5.0996,-7.4603,-0.0766,661.49
19.345038,-5.9759,-7.2305,0.0766,-4.4293,-7.3023,-0.2155,661.49
19.365042,-5.7413,-7.7572,0.0431,-4.1755,-7.8673,0.2059,661.49
19.385042,-5.2337,-8.3366,0.1197,-3.5817,-8.2265,-0.1437,661.49
19.405042,-4.9033,-8.0349,0.2203,-3.3423,-8.2983,-0.3879,661.49
19.425042,-4.5250,-8.5042,0.3400,-2.7964,-8.7532,1.0918,661.49
19.445042,-4.0175,-9.0214,0.1724,-2.4804,-9.1028,0.3065,661.49
19.465046,-3.4429,-8.8825,0.1101,-1.7526,-8.6622,-0.3831,661.49
19.485049,-2.6911,-9.5289,0.4262,-1.0678,-9.7109,0.0287,661.49
19.505053,-2.3032,-9.3948,0.1532,-0.6752,-9.4379,0.0192,661.49
19.525053,-1.7382,-9.7540,0.2298,-0.2203,-9.8497,-0.1915,661.49
19.545053,-1.1779,-9.9216,0.2059,0.6608,-10.0461,0.4597,661.49
19.565057,-0.5890,-9.1698,0.4788,0.9673,-9.3613,0.3208,661.49
19.585058,0.0048,-9.6917,0.3543,1.7334,-9.3326,0.0431,661.49
19.605058,0.4597,-9.9311,0.4645,2.3224,-9.6869,0.5219,661.49
19.625059,1.0247,-9.4140,0.3304,2.6480,-9.2656,-0.0383,661.49
19.645061,1.9154,-9.9311,0.2777,3.5482,-10.4339,0.7470,661.49
19.665063,2.1117,-9.6199,0.0239,3.5434,-9.5098,0.2634,661.49
19.685063,2.6432,-9.2799,0.4453,4.1468,-9.3182,0.6512,661.49
19.705063,3.0694,-8.9495,0.0958,4.5825,-9.3757,0.4693,661.49
19.725064,3.3519,-9.4523,0.1293,5.1284,-9.2416,0.7949,661.49
19.745068,3.7924,-8.9926,0.0958,5.7557,-8.7724,0.7661,661.49
19.765069,4.3431,-8.6048,0.0287,6.0334,-8.8777,0.3496,661.49
19.785073,5.3199,-8.4515,0.3448,6.6559,-8.6574,0.9481,661.49
19.805074,5.1619,-8.0685,0.4357,6.5410,-8.1259,0.7566,661.49
19.825076,5.7509,-7.7524,0.4166,7.5274,-8.2648,1.3934,661.49
19.845079,6.3351,-7.6758,0.5459,7.5609,-8.0014,0.7230,661.49
19.865079,6.4500,-7.2832,-0.2538,8.3175,-7.2784,0.8092,661.49
19.885079,7.3310,-6.6942,0.4405,8.5234,-6.8857,0.5459,661.49
19.905084,7.3837,-6.1962,0.5411,8.6479,-5.3774,-0.3400,661.49
19.925085,7.6854,-6.3446,0.0910,9.1171,-6.2106,1.1875,661.49
19.945085,7.9200,-5.4779,0.1484,9.3996,-5.2672,1.6281,661.49
19.965085,8.4515,-5.2433,0.1580,9.4523,-5.1475,0.4310,661.49
19.985089,8.5186,-4.6687,0.2394,9.6343,-4.7597,0.5650,661.49
20.005090,8.8298,-3.9840,0.2777,9.8833,-3.9983,0.9481,661.22
20.045998,9.0549,-3.5626,0.2155,10.0987,-3.7541,0.3974,661.22
20.065999,9.5241,-3.0933,0.4022,10.5153,-3.1699,0.9194,661.22
20.085999,9.4379,-2.6911,0.3017,10.4675,-2.8156,1.0918,661.22
20.106002,9.6534,-2.5618,-0.2155,10.3860,-2.2027,0.3735,661.22
20.126002,9.6678,-1.6328,-0.3112,10.7308,-1.2450,0.3352,661.22
20.146004,9.7157,-1.1253,0.4884,10.6446,-0.9146,0.5267,661.22
20.166005,10.0413,-1.2067,0.3065,10.7883,-0.9960,1.0487,661.22
20.186005,9.5960,-0.4932,0.0670,10.7021,-0.6800,0.9625,661.22
20.206005,9.7683,-0.3208,0.6033,10.6446,-0.0383,1.0487,661.22
20.226009,9.8785,0.0527,0.1006,10.8457,0.3448,0.8428,661.22
20.246010,9.7971,0.1867,0.3208,10.9176,0.7518,0.6321,661.22
20.266010,10.0173,0.6129,0.1006,10.8649,1.3120,1.4653,661.22
20.286010,9.5816,0.5411,0.1101,10.7643,1.1636,0.6273,661.22
20.306010,10.1706,1.9345,0.2203,10.9894,1.8148,0.6656,661.22
20.326011,9.6438,2.4421,-0.1293,10.7978,2.7677,0.3160,661.22
20.346014,9.6438,2.8826,-0.2394,10.3525,3.1268,0.1532,661.22
20.366016,9.4954,3.5147,-0.0862,10.6015,3.8307,0.2298,661.22
20.386020,9.2847,3.6152,-0.1389,10.6590,3.9983,0.5076,661.22
20.406022,9.3565,3.8211,0.1484,10.6686,4.4388,1.2115,661.22
20.426026,8.9064,3.8068,0.1101,10.3525,4.8650,0.7805,661.22
20.446026,9.2129,4.1659,0.0958,10.2855,5.7509,-0.1628,661.22
20.466026,9.2177,4.5681,0.1867,10.4579,5.3678,1.2019,661.22
20.486030,8.8921,5.4253,-0.3304,9.7540,5.9137,0.3591,661.22
20.506031,8.3749,6.1723,0.1197,9.4523,7.1730,0.2634,661.22
20.526032,8.2121,6.8522,0.0527,9.5624,7.0916,0.4070,661.22
20.546036,7.5465,7.2305,0.5411,9.1219,7.8003,0.7135,661.22
20.566037,7.1922,7.7716,-0.1341,8.7197,8.3462,0.5171,661.22
20.586041,5.8419,8.0397,-0.3160,7.8482,8.1786,-1.1349,661.22
20.606042,5.7796,8.8825,-0.4070,7.5417,8.8538,-0.5650,661.22
20.626042,4.8650,8.8873,-0.6512,6.6511,8.9783,-1.1444,661.22
20.646044,4.7788,9.2608,-0.7566,5.9903,9.1028,0.2203,661.22
20.666048,4.1468,9.7588,-0.3448,5.9233,10.2711,0.1053,661.22
20.686052,3.5626,8.9783,0.0814,5.4971,8.8059,0.6752,661.22
20.706054,3.8642,9.5768,0.5315,5.0949,9.6965,0.3831,661.22
20.726058,2.9928,9.5433,0.2011,4.6112,9.7540,-0.0766,661.22
20.746058,2.6193,9.8833,0.7039,4.2569,10.9176,1.0870,661.22
20.766058,2.1691,10.5824,0.3065,3.7350,9.8593,1.7095,661.22
20.786059,1.3647,9.6726,0.4597,3.0215,10.0317,-0.3065,661.22
20.806063,0.8428,9.9599,0.2394,2.3511,10.1131,0.4597,661.22
20.826068,0.2346,10.1035,-0.2825,2.0734,10.0892,-0.0862,661.22
20.846068,-1.0151,10.3094,-0.2873,0.6656,10.2185,-0.6033,661.22
20.866069,-1.3120,9.5193,-0.6177,0.5219,9.4140,-0.6512,661.22
20.886073,-2.3942,10.3430,-0.1772,-0.8954,9.7731,0.3065,661.22
20.906074,-3.1412,9.8450,-0.7997,-1.3408,9.7109,-0.7470,661.22
20.926078,-3.9217,9.6007,-0.3543,-2.1356,9.2895,-1.3838,661.22
20.946080,-4.2760,8.9639,-0.3496,-2.7485,8.6766,-1.2833,661.22
20.966080,-5.0805,8.7388,-0.2442,-3.2896,8.5521,-1.2737,661.22
20.986085,-5.4731,8.4036,-0.3304,-3.6200,7.9727,-0.7661,661.22
21.006085,-5.8849,7.4651,-0.0479,-4.3287,7.4220,-0.8092,661.22
21.046998,-6.3398,6.9863,-0.1053,-4.4819,6.7900,-0.6847,661.22
21.066999,-7.1156,6.9192,0.2011,-5.3822,6.3973,-0.3017,661.22
21.086999,-7.4699,6.6224,0.0431,-5.6838,6.3782,0.0383,661.22
21.106999,-7.2305,6.2058,-0.0527,-5.5258,5.8802,0.0383,661.22
21.126999,-7.8721,5.4971,0.3735,-5.9280,4.8459,-0.0144,661.22
21.146999,-9.0405,5.3295,0.4310,-6.3111,4.4676,-1.0247,661.22
21.167000,-8.7005,4.3622,0.0958,-6.9240,3.9217,-0.3974,661.22
21.187005,-8.7197,3.7062,0.1437,-7.2592,3.5578,-0.0192,661.22
21.207006,-8.9926,3.1556,0.2825,-6.8761,3.1125,-0.3783,661.22
21.227010,-9.2273,2.6624,0.0910,-7.4412,2.4517,-0.7566,661.22
21.247010,-9.6055,2.0446,0.2394,-7.8003,1.8627,-0.6464,661.22
21.267010,-9.0932,1.2881,0.1437,-7.4077,0.9529,-0.2203,661.22
21.287010,-10.1706,0.2634,0.1580,-8.0924,-0.0096,0.3879,661.22
21.307010,-8.7963,-0.0814,-0.2538,-7.1204,-0.1389,0.7039,661.22
21.327013,-9.7492,-0.6225,0.3448,-8.3989,-1.1109,0.0670,661.22
21.347016,-9.2320,-1.1301,0.1580,-7.3646,-1.5036,-0.2777,661.22
21.367020,-9.2033,-1.9968,0.2586,-7.5896,-2.5139,0.1389,661.22
21.387021,-9.2225,-2.5283,0.5890,-7.4172,-2.4469,-0.2346,661.22
21.407023,-8.9974,-2.9497,0.5459,-7.2257,-3.1077,0.1437,661.22
21.427024,-8.5473,-3.8307,0.4836,-6.6798,-3.8834,0.4501,661.22
21.447028,-8.6862,-3.8307,0.1676,-6.9576,-4.3287,-0.0670,661.22
21.467031,-8.1834,-4.8554,0.2011,-6.0190,-4.8219,-0.0048,661.22
21.487947,-7.9057,-5.1715,0.5507,-6.2489,-5.6120,-0.4070,661.22
21.507951,-7.6567,-5.7078,0.3448,-5.5498,-5.4205,0.4741,661.22
21.527952,-7.0054,-5.8562,0.4310,-5.4253,-6.2345,0.4741,661.22
21.547956,-6.9432,-6.7804,0.4501,-5.0230,-6.7660,0.4693,661.22
21.567957,-6.3734,-6.7900,0.1532,-4.6831,-6.7086,-0.1006,661.22
21.587960,-6.0286,-7.6710,0.5315,-4.3144,-7.9057,0.7230,661.22
21.607962,-5.4061,-7.7620,0.4405,-3.7014,-7.8099,0.2394,661.22
21.627962,-5.1427,-8.2791,0.4597,-3.4620,-8.4084,0.1197,661.22
21.647962,-4.6495,-8.1882,0.5076,-2.9880,-8.1547,0.9194,661.22
21.667962,-4.4005,-8.6095,0.5076,-2.6288,-8.6670,0.6608,661.22
21.687962,-3.8451,-8.9160,0.5890,-1.9010,-9.0214,0.3879,661.22
21.707965,-3.1843,-8.9112,0.4501,-1.4222,-8.8202,0.6800,661.22
21.727968,-3.1556,-9.2943,0.6656,-1.2498,-9.4810,1.3791,661.22
21.747973,-2.1213,-9.3565,0.4405,-0.2394,-10.0844,-0.5028,661.22
21.767978,-1.7813,-9.6965,0.3208,0.0383,-9.9264,0.8523,661.22
21.787980,-0.9242,-9.6103,0.3304,0.5602,-9.9695,0.8188,661.22
21.807983,-0.4645,-9.6343,0.7422,1.0774,-9.7444,0.0718,661.22
21.827985,0.2011,-10.0700,0.8715,1.8435,-10.0317,0.6704,661.22
21.847988,0.4836,-10.2280,0.7470,2.2027,-9.6822,0.4549,661.22
21.867988,1.3024,-9.5960,0.4070,2.6624,-9.5289,0.4453,661.22
21.887990,2.0255,-9.7636,0.7661,3.4907,-9.6917,0.9720,661.22
21.907994,2.0638,-9.5912,0.4310,3.5243,-9.7300,0.0192,661.22
21.927998,2.6193,-9.3613,0.5555,4.4005,-9.7300,0.6464,661.22
21.948002,3.2082,-8.9208,0.6895,4.4963,-8.8777,1.1779,661.22
21.968006,3.5051,-9.0261,0.4022,5.0518,-9.1698,1.5419,661.22
21.988010,4.2713,-8.9304,0.7614,5.7221,-8.8729,0.2921,661.22
22.008014,5.9424,-8.2648,0.4645,7.3358,-8.9687,1.7717,660.25
22.049001,6.3446,-7.9296,0.4693,7.6423,-7.8961,0.4788,660.25
22.069002,6.4643,-7.6519,0.3400,7.7333,-7.5369,0.2394,660.25
22.089002,6.9145,-7.1156,0.7230,7.9200,-7.4124,1.0822,660.25
22.109005,7.0773,-6.8235,0.2538,8.2169,-7.4508,1.0391,660.25
22.129005,7.2975,-6.5218,0.4022,8.5569,-6.9671,0.5363,660.25
22.149007,7.8578,-6.2776,0.2921,8.9639,-6.6846,0.6033,660.25
22.169010,8.1020,-5.9616,0.5842,8.9495,-6.3015,0.6656,660.25
22.189010,7.9918,-5.6264,0.5746,8.9208,-5.8371,0.8619,660.25
22.209010,8.3127,-5.2960,0.4357,9.5146,-5.4875,0.5363,660.25
22.229013,8.2073,-4.8267,0.4070,9.0166,-4.6256,0.0431,660.25
22.249016,8.5856,-4.8985,0.4836,9.7444,-5.1667,0.7805,660.25
22.269020,8.5186,-4.5298,0.4070,9.4236,-5.0278,1.1875,660.25
22.289021,8.6000,-4.0223,0.2825,9.6391,-4.1084,0.5650,660.25
22.309025,9.0597,-3.4237,0.4214,9.8402,-3.4907,0.6129,660.25
22.329026,9.0166,-3.2513,0.3543,9.9024,-3.0694,0.8092,660.25
22.349028,9.3182,-2.9497,0.4501,10.1323,-2.6767,0.8763,660.25
22.369030,9.5481,-2.4277,-0.0527,10.3621,-2.5809,0.6416,660.25
22.389031,9.5146,-2.0734,-0.0239,10.2759,-1.9489,0.6369,660.25
22.409031,9.7683,-1.5323,0.4741,10.3813,-1.2115,0.5267,660.25
22.429031,9.8067,-1.1971,0.4214,10.4483,-1.2881,0.9433,660.25
22.449036,9.9264,-0.8954,0.4022,10.5824,-0.9529,0.6512,660.25
22.469039,9.7300,-0.3304,0.1628,10.6207,-0.3160,0.2203,660.25
22.489042,9.9838,0.1149,0.3543,10.6734,-0.4788,1.4988,660.25
22.509046,9.8258,0.1437,0.4693,10.4244,0.1053,0.6225,660.25
22.529049,9.7683,1.0343,0.1484,10.2280,1.1301,0.1053,660.25
22.549053,9.6007,1.1492,0.2921,10.3477,0.9002,0.7374,660.25
22.569053,9.8402,1.9154,0.2921,10.7500,1.7717,0.3926,660.25
22.589055,9.8258,2.2027,0.3400,10.1562,2.2075,0.6847,660.25
22.609058,9.6822,2.0063,0.1532,10.1514,1.8818,0.2634,660.25
22.629062,9.5720,2.5953,0.3735,9.9072,2.6288,0.6369,660.25
22.649066,9.5098,3.1651,0.2969,9.9407,3.0119,0.4741,660.25
22.669069,9.3278,3.2561,0.2586,9.8881,3.2896,0.6081,660.25
22.689074,9.2560,3.5051,0.5986,9.6965,3.3854,0.6081,660.25
22.709074,9.0549,3.6344,0.3160,9.5385,3.5243,0.7805,660.25
22.729074,8.8681,4.1180,0.3735,9.5098,4.0941,0.5842,660.25
22.749074,8.9256,4.4293,0.4549,9.3278,4.7309,0.2586,660.25
22.769074,8.5760,4.6160,0.2729,9.0740,4.6543,0.3112,660.25
22.789077,8.5186,4.8602,0.4214,9.0453,4.8842,0.7757,660.25
22.809081,8.3462,5.4109,0.4070,8.7963,5.4588,0.6321,660.25
22.829081,8.2648,5.5162,0.3639,8.7197,5.5210,0.5315,660.25
22.849085,8.0589,5.8802,0.3926,8.4898,5.8419,0.5411,660.25
22.869086,8.1451,6.1770,0.4357,8.2887,5.9711,0.9816,660.25
22.889090,7.6567,6.2297,0.2634,7.8865,6.2489,0.6943,660.25
22.909093,7.4603,6.7804,0.0431,7.6710,6.9001,0.0622,660.25
22.929094,7.3789,6.9145,0.2634,7.6806,7.3789,1.4030,660.25
22.949098,6.6798,7.2927,0.1963,7.4268,7.4029,0.2346,660.25
22.969102,6.9001,7.4220,0.1628,7.4077,7.3263,0.4262,660.25
22.989103,6.5027,7.5369,0.1915,6.5697,7.6854,0.1197,660.25
23.009105,6.1052,7.9487,-0.0527,6.4979,8.1690,0.4597,660.34
23.050000,5.6599,8.1738,-0.0479,5.9999,8.1499,0.3783,660.34
23.070004,5.6455,8.2648,0.1820,5.7509,8.1451,0.3496,660.34
23.090005,5.5067,8.5569,0.3687,5.5976,8.5281,0.5507,660.34
23.110010,5.0422,8.6574,0.3017,5.3199,8.6191,0.5938,660.34
23.130013,4.7884,8.9112,0.2442,5.0949,8.8155,0.5555,660.34
23.150015,4.6783,9.0405,0.3448,4.8985,9.0261,0.4357,660.34
23.170016,4.4053,9.0357,0.1580,4.5921,9.0549,0.4788,660.34
23.190017,3.9887,9.4092,0.3543,4.2713,9.4763,0.0910,660.34
23.210021,3.8068,9.2368,0.3160,4.0127,9.2033,0.3735,660.34
23.230021,3.3662,9.4427,0.2873,3.6823,9.3518,0.2011,660.34
23.250022,3.1891,9.5289,0.3496,3.4429,9.4332,0.4645,660.34
23.270022,2.9592,9.6438,0.3208,3.2082,9.2703,0.3304,660.34
23.290024,2.6097,9.7779,0.3496,2.8539,9.6965,0.4405,660.34
23.310028,2.4469,9.9264,0.2394,2.6815,9.6822,0.2107,660.34
23.330031,2.2505,9.8833,0.4118,2.4995,9.8737,0.4310,660.34
23.350035,2.0303,9.8593,0.3352,2.1452,9.8402,0.4262,660.34
23.370037,1.6999,10.1706,0.3112,1.8483,9.9886,0.4645,660.34
23.390037,1.3024,10.1610,0.3065,1.4509,9.9982,0.4693,660.34
23.410040,0.6991,10.0461,0.3256,1.1779,9.8114,0.2442,660.34
23.430043,0.7183,10.0987,0.3926,0.9864,10.0126,0.5124,660.34
23.450047,0.5076,10.0365,0.3160,0.7614,9.9982,0.3639,660.34
23.470051,0.1437,10.2185,0.2346,0.4118,10.1131,0.1820,660.34
23.490053,-0.2203,10.1466,0.3160,-0.0239,10.1179,0.3352,660.34
23.510057,-0.5698,10.1035,0.3831,-0.2921,9.8593,0.0192,660.34
23.530058,-0.7326,10.0940,0.3496,-0.4070,9.9216,0.5794,660.34
23.550061,-1.1301,10.0748,0.3065,-0.7757,10.0030,0.3496,660.34
23.570064,-1.3838,10.2376,0.1820,-1.0870,10.2137,0.1006,660.34
23.590064,-1.7478,10.0126,0.3543,-1.3695,9.9168,0.3400,660.34
23.610068,-1.7286,9.9455,0.3256,-1.5610,9.8545,0.4884,660.34
23.630069,-2.1644,9.9838,0.2442,-1.9249,9.7109,0.2634,660.34
23.650069,-2.3032,9.8450,0.5363,-2.1883,9.7252,0.4214,660.34
23.670069,-2.5331,9.7540,0.1724,-2.5522,9.4810,0.2490,660.34
23.690072,-3.0885,9.7348,0.3304,-2.7677,9.5624,0.4166,660.34
23.710077,-3.3184,9.5193,0.2155,-2.9832,9.3230,0.2059,660.34
23.730078,-3.7445,9.5337,0.3735,-3.2657,9.3326,0.2969,660.34
23.750082,-3.8068,9.3613,0.4166,-3.6248,9.4044,0.5124,660.34
23.770085,-3.9265,9.1554,0.3783,-3.6966,9.0070,-0.0718,660.34
23.790085,-4.2904,9.3422,0.3974,-4.0031,9.2703,0.7661,660.34
23.810086,-4.6639,8.8155,0.3160,-4.4580,8.6383,0.2825,660.34
23.830093,-4.7932,9.0022,0.3735,-4.5681,8.7197,0.4788,660.34
23.850093,-4.8363,8.6910,0.3974,-4.6160,8.5186,0.2346,660.34
23.870094,-5.1763,8.6335,0.5650,-4.9895,8.4994,0.6369,660.34
23.890097,-5.4731,8.4755,0.4166,-5.0374,8.2983,0.2538,660.34
23.910098,-5.6599,8.4659,0.5315,-5.5115,8.1451,0.2969,660.34
23.930098,-6.0573,7.9871,0.2969,-5.5545,7.8003,-0.0048,660.34
23.950102,-6.0717,8.1020,0.4597,-5.7557,8.0110,0.5076,660.34
23.970102,-6.3207,7.7572,0.4118,-6.0478,7.4939,0.3639,660.34
23.990107,-6.5505,7.5848,0.3639,-6.3590,7.2927,0.4070,660.34
24.010109,-6.7947,7.3167,0.4693,-6.5505,7.0629,0.5555,660.60
24.050994,-7.2449,7.0677,0.5555,-6.9671,6.8522,0.3735,660.60
24.070998,-7.2592,6.6607,0.2346,-7.1012,6.4452,0.3926,660.60
24.091002,-7.4891,6.7181,0.4501,-7.2401,6.5410,0.4836,660.60
24.111004,-7.5705,6.4787,0.5363,-7.4077,6.0813,0.3400,660.60
24.131005,-7.8290,6.3015,0.4884,-7.6136,6.0717,0.4980,660.60
24.151005,-7.7333,6.0334,0.3112,-7.5226,5.7078,0.2203,660.60
24.171005,-8.2025,5.8993,0.4693,-7.9871,5.4971,0.3783,660.60
24.191006,-8.1882,5.4061,0.4645,-7.9248,5.2577,0.3879,660.60
24.211010,-8.3989,5.5115,0.5746,-8.2600,5.3008,0.4693,660.60
24.231010,-8.4803,5.1954,0.4597,-8.1977,4.8459,0.2203,660.60
24.251014,-8.6670,4.9368,0.4741,-8.5042,4.7118,0.2921,660.60
24.271014,-8.5281,4.5729,0.5076,-8.4755,4.3048,0.2969,660.60
24.291019,-8.8777,4.5346,0.6321,-8.6766,4.3000,0.6847,660.60
24.311020,-8.9256,4.2329,0.4310,-8.6143,3.9840,0.4214,660.60
24.331024,-9.0549,4.0462,0.6225,-8.8394,3.8307,0.5219,660.60
24.351027,-9.0740,3.7158,0.5746,-8.7867,3.5338,0.4118,660.60
24.371031,-9.2512,3.6966,0.5171,-8.9256,3.4955,0.3543,660.60
24.391031,-9.3039,3.2992,0.4788,-9.0166,3.0550,0.2490,660.60
24.411036,-9.3853,3.0358,0.5890,-9.1650,2.8012,0.5459,660.60
24.431037,-9.4810,2.9449,0.5890,-9.2847,2.7054,0.6129,660.60
24.451037,-9.4284,2.7629,0.5698,-9.1506,2.4852,0.4118,660.60
24.471038,-9.6151,2.3607,0.6177,-9.2608,2.0303,0.5938,660.60
24.491041,-9.6343,2.1739,0.5171,-9.5050,1.6903,0.5171,660.60
24.511042,-9.6151,1.9441,0.5363,-9.5002,1.4796,0.5411,660.60
24.531046,-9.7348,1.4892,0.5842,-9.3757,1.2258,0.5555,660.60
24.551047,-9.6726,1.3695,0.6225,-9.3278,1.2402,0.6704,660.60
24.571048,-9.7636,1.2163,0.5650,-9.5960,0.9720,0.5602,660.60
24.591050,-9.7252,0.9625,0.6033,-9.5624,0.6129,0.5698,660.60
24.611053,-9.7683,0.6991,0.6273,-9.4810,0.4214,0.6416,660.60
24.631053,-9.6678,0.5650,0.6177,-9.6247,0.3783,0.4741,660.60
24.651055,-9.7157,0.2346,0.6895,-9.5529,-0.0048,0.5028,660.60
24.671055,-9.7923,0.1149,0.7326,-9.5624,-0.2203,0.5746,660.60
24.691058,-9.7348,-0.2059,0.6464,-9.5193,-0.4453,0.6464,660.60
24.711061,-9.8019,-0.3256,0.6033,-9.6391,-0.7757,0.4597,660.60
24.731064,-9.7444,-0.4932,0.5890,-9.4763,-0.8906,0.5794,660.60
24.751069,-9.7540,-0.7470,0.6943,-9.5816,-0.9673,0.7374,660.60
24.771073,-9.6630,-0.7853,0.6273,-9.4236,-1.2594,0.5746,660.60
24.791074,-9.9024,-1.2450,0.6656,-9.7013,-1.8531,0.4022,660.60
24.811076,-9.3853,-1.5323,0.6560,-9.2368,-1.7190,0.5602,660.60
24.831079,-9.8258,-1.4030,0.6656,-9.6726,-1.5275,0.6704,660.60
24.851082,-9.4571,-1.7861,0.6273,-9.2751,-2.1739,0.4932,660.60
24.871085,-9.6582,-2.1548,0.6943,-9.5433,-2.4948,0.6752,660.60
24.891085,-9.4571,-2.1069,0.6560,-9.3134,-2.3894,0.7230,660.60
24.911085,-9.4475,-2.2936,0.7805,-9.3661,-2.6624,0.7901,660.60
24.931085,-9.4667,-2.2697,0.6321,-9.2129,-2.5857,0.4788,660.60
24.951089,-9.4475,-2.6145,0.6608,-9.2847,-2.8874,0.4693,660.60
24.971093,-9.3996,-2.7629,0.6752,-9.2225,-3.2417,0.6177,660.60
24.991096,-9.2847,-3.0885,0.6273,-9.1075,-3.4812,0.8045,660.60
25.011100,-9.2512,-3.3375,0.6273,-9.0453,-3.7541,0.7087,661.40
25.052005,-9.0980,-3.5721,0.6800,-8.9783,-3.9983,0.6464,661.40
25.072005,-9.1028,-3.6775,0.6991,-8.8873,-4.1276,0.6560,661.40
25.092007,-8.9974,-3.9409,0.6752,-8.9016,-4.3048,0.7135,661.40
25.112010,-8.9064,-3.9935,0.6895,-8.7245,-4.3574,0.6704,661.40
25.132013,-8.9447,-4.1851,0.7422,-8.7867,-4.5538,0.6752,661.40
25.152016,-8.8059,-4.2042,0.6991,-8.6622,-4.6448,0.5411,661.40
25.172021,-8.7197,-4.4197,0.7278,-8.7005,-4.8554,0.5650,661.40
25.192021,-8.7053,-4.5250,0.6512,-8.5665,-5.0326,0.7853,661.40
25.212021,-8.6766,-4.6448,0.6847,-8.5281,-5.1332,0.4741,661.40
25.232023,-8.6095,-4.6448,0.6752,-8.5712,-5.0949,0.7278,661.40
25.252025,-8.5521,-4.7166,0.7230,-8.5042,-5.1811,0.6943,661.40
25.272025,-8.5234,-4.8123,0.7326,-8.4420,-5.2002,0.7326,661.40
25.292026,-8.5521,-4.8937,0.7949,-8.4276,-5.2577,0.6847,661.40
25.312028,-8.4755,-4.9656,0.7326,-8.3749,-5.4205,0.6512,661.40
25.332031,-8.4084,-5.0278,0.7374,-8.3845,-5.3582,0.6704,661.40
25.352034,-8.4467,-4.9368,0.7661,-8.3270,-5.4779,0.7661,661.40
25.372037,-8.4084,-5.0613,0.7135,-8.2552,-5.4492,0.7518,661.40
25.392039,-8.2839,-5.1715,0.7470,-8.2791,-5.6599,0.7374,661.40
25.412040,-8.4036,-5.2194,0.7805,-8.2552,-5.6886,0.6608,661.40
25.432042,-8.2696,-5.2337,0.7183,-8.1594,-5.7652,0.7087,661.40
25.452045,-8.2504,-5.2816,0.7183,-8.2217,-5.7988,0.7183,661.40
25.472045,-8.2983,-5.2529,0.6656,-8.2648,-5.5641,0.6369,661.40
25.492046,-8.2744,-5.1380,0.7374,-8.0924,-5.6551,0.7087,661.40
25.512049,-8.2552,-5.3199,0.6943,-8.2169,-5.6551,0.7039,661.40
25.532053,-8.2504,-5.2912,0.7566,-8.2361,-5.4875,0.6464,661.40
25.552053,-8.2648,-5.2720,0.7566,-8.2073,-5.5689,0.7422,661.40
25.572055,-8.2744,-5.2337,0.7326,-8.2121,-5.4444,0.6991,661.40
25.592058,-8.3222,-5.1858,0.7039,-8.3558,-5.4253,0.7518,661.40
25.612058,-8.5425,-5.0901,0.6033,-8.2073,-5.3630,1.4509,661.40
25.632058,-8.5952,-5.0757,0.6033,-8.4372,-5.1140,0.5411,661.40
25.652058,-8.3989,-4.9368,0.7183,-8.3510,-4.9608,0.7661,661.40
25.672058,-8.3989,-4.8363,0.7661,-8.3845,-4.5921,0.5890,661.40
25.692061,-8.5569,-4.6735,1.0295,-8.5712,-4.8507,0.3735,661.40
25.712063,-8.4132,-4.7932,0.7805,-8.3845,-4.8076,0.8811,661.40
25.732063,-8.4707,-5.0470,0.6704,-8.3270,-5.4684,0.7470,661.40
25.752063,-8.4324,-4.9273,0.6321,-8.3941,-5.3965,0.3304,661.40
25.772064,-8.4132,-5.0709,0.7183,-8.3893,-5.4253,0.8045,661.40
25.792069,-8.3653,-4.9464,0.6943,-8.3175,-5.0613,0.6273,661.40
25.812069,-8.4515,-5.0135,0.7278,-8.4084,-5.0470,0.7853,661.40
25.832071,-8.3941,-4.9943,0.7087,-8.3941,-4.9991,0.7087,661.40
25.852074,-8.4755,-5.0326,0.7757,-8.3845,-5.1140,0.7183,661.40
25.872078,-8.4324,-4.9560,0.7422,-8.3845,-5.1427,0.6081,661.40
25.892083,-8.4324,-4.8985,0.8332,-8.3701,-4.9704,0.7230,661.40
25.912085,-8.4515,-4.8842,0.7757,-8.4132,-4.9273,0.7230,661.40
25.932086,-8.4276,-4.9081,0.7757,-8.5186,-5.0278,0.6800,661.40
25.952092,-8.4707,-4.8267,0.7183,-8.4132,-4.9273,0.7278,661.40
25.972097,-8.4228,-4.8842,0.6991,-8.3941,-5.0135,0.6943,661.40
25.992098,-8.4898,-4.9991,0.7087,-8.4132,-5.0709,0.6752,661.40
26.012098,-8.4755,-4.9225,0.6656,-8.4084,-5.0278,0.6081,661.13
26.053006,-8.4515,-4.8985,0.6177,-8.3797,-5.0470,0.7805,661.13
26.073006,-8.5281,-4.9752,0.6847,-8.4851,-5.0661,0.6416,661.13
26.093010,-8.4898,-4.8554,0.6895,-8.3941,-4.9752,0.6273,661.13
26.113010,-8.5617,-4.9177,0.6847,-8.4420,-4.9656,0.6033,661.13
26.133013,-8.5042,-4.8602,0.6369,-8.4420,-4.9081,0.6560,661.13
26.153015,-8.5138,-4.8985,0.6991,-8.4180,-4.8842,0.6847,661.13
26.173017,-8.4851,-4.8554,0.7518,-8.4324,-4.9368,0.7039,661.13
26.193021,-8.5234,-4.8028,0.6800,-8.4611,-4.9512,0.7278,661.13
26.213024,-8.4420,-4.8507,0.7853,-8.3989,-4.9656,0.7661,661.13
26.233026,-8.4467,-4.9273,0.7470,-8.3318,-5.0613,0.7183,661.13
26.253030,-8.4659,-4.9656,0.7039,-8.3031,-4.9799,0.7470,661.13
26.273031,-8.4898,-4.8507,0.7326,-8.4803,-4.9799,0.6704,661.13
26.293031,-8.4994,-4.7932,0.7422,-8.4515,-4.8411,0.6895,661.13
26.313034,-8.5425,-4.7884,0.7518,-8.5186,-4.7740,0.7039,661.13
26.333037,-8.5425,-4.7166,0.7853,-8.4515,-4.6591,0.7135,661.13
26.353038,-8.5186,-4.7262,0.6991,-8.4707,-4.7692,0.8045,661.13
26.373042,-8.5138,-4.7692,0.7039,-8.4898,-4.7692,0.6704,661.13
26.393042,-8.5234,-4.8746,0.7039,-8.4563,-4.8937,0.5124,661.13
26.413042,-8.4372,-4.9033,0.7039,-8.3653,-5.0709,0.6608,661.13
26.433042,-8.4563,-4.8842,0.6656,-8.4036,-5.1236,0.6464,661.13
26.453042,-8.4563,-5.0087,0.6464,-8.3701,-5.1044,0.7135,661.13
26.473042,-8.4467,-5.0613,0.6608,-8.4324,-5.1523,0.5938,661.13
26.493043,-8.3749,-5.0374,0.6321,-8.3462,-5.2098,0.6321,661.13
26.513045,-8.3270,-5.0709,0.6560,-8.2791,-5.3247,0.7278,661.13
26.533048,-8.3558,-5.1763,0.6800,-8.3031,-5.3582,0.6321,661.13
26.553051,-8.3701,-5.1954,0.6560,-8.2935,-5.3439,0.6225,661.13
26.573053,-8.2983,-5.2050,0.7614,-8.2504,-5.4348,0.8140,661.13
26.593053,-8.3270,-5.1667,0.7326,-8.2456,-5.3582,0.7039,661.13
26.613053,-8.4324,-5.0278,0.7183,-8.3701,-5.1427,0.5794,661.13
26.633053,-8.4659,-5.0135,0.7230,-8.3701,-5.0566,0.6512,661.13
26.653056,-8.3941,-4.9656,0.8332,-8.3558,-5.1236,0.8475,661.13
26.673058,-8.4180,-4.9368,0.7470,-8.3653,-4.9704,0.7278,661.13
26.693061,-8.3653,-4.8698,0.7566,-8.2983,-4.8746,0.6847,661.13
26.713064,-8.3749,-5.0470,0.7087,-8.3318,-5.1571,0.9385,661.13
26.733069,-8.3989,-4.9225,0.7135,-8.2600,-4.9560,0.5650,661.13
26.753073,-8.3127,-5.0182,0.6177,-8.1930,-5.0374,0.5219,661.13
26.773073,-8.4228,-5.0709,0.5267,-8.3462,-5.1619,0.3974,661.13
26.793076,-8.3941,-5.1858,0.6081,-8.3222,-5.3103,0.6416,661.13
26.813078,-8.4467,-5.0230,0.6704,-8.3749,-5.1667,0.5986,661.13
26.833078,-8.3462,-5.1906,0.7183,-8.2935,-5.3343,0.7135,661.13
26.853079,-8.3462,-5.1571,0.6081,-8.0349,-5.4061,0.5650,661.13
26.873079,-8.3845,-5.1571,0.4549,-8.3366,-5.4684,0.3112,661.13
26.893079,-8.3414,-5.1332,0.6321,-8.2983,-5.4013,0.7326,661.13
26.913079,-8.2121,-5.2146,1.0582,-8.2983,-5.6120,0.6225,661.13
26.933081,-8.4372,-5.0949,0.7326,-8.3366,-5.4348,0.6273,661.13
26.953082,-8.3989,-5.2002,0.6895,-8.2552,-5.2481,0.8475,661.13
26.973083,-8.3366,-5.0805,0.6512,-8.2935,-5.1188,0.4405,661.13
26.993085,-8.2887,-5.2672,0.7614,-8.2408,-5.2337,0.9098,661.13
27.013085,-8.2552,-5.2194,0.8140,-8.2265,-5.2098,0.7278,661.40
27.054005,-8.3366,-5.0853,0.7183,-8.2696,-5.2002,0.5507,661.40
27.074005,-8.3079,-5.2481,0.6752,-8.2169,-5.4109,0.7422,661.40
27.094005,-8.3701,-5.1715,0.8045,-8.2504,-5.5545,0.4741,661.40
27.114005,-8.3127,-5.1763,0.6895,-8.2648,-5.4588,0.6608,661.40
27.134005,-8.3510,-5.2337,0.7422,-8.2744,-5.3534,0.7278,661.40
27.154008,-8.3127,-5.0901,0.6608,-8.2935,-5.0853,0.6704,661.40
27.174010,-8.3414,-5.0901,0.7853,-8.2648,-5.0996,0.7614,661.40
27.194012,-8.3175,-5.1619,0.7278,-8.2121,-5.1858,0.6895,661.40
27.214013,-8.2744,-5.1715,0.7230,-8.2648,-5.3439,0.6512,661.40
27.234016,-8.3031,-5.1811,0.6273,-8.2073,-5.4253,0.6369,661.40
27.254016,-8.2791,-5.1954,0.7087,-8.1690,-5.3582,0.6991,661.40
27.274020,-8.2552,-5.2720,0.6895,-8.2121,-5.3822,0.6321,661.40
27.294021,-8.2361,-5.2577,0.6704,-8.1930,-5.4348,0.7374,661.40
27.314022,-8.2648,-5.2050,0.6416,-8.2313,-5.3582,0.6464,661.40
27.334024,-8.2361,-5.2529,0.6656,-8.2025,-5.3870,0.6991,661.40
27.354026,-8.2696,-5.2672,0.7039,-8.2121,-5.3822,0.6512,661.40
27.374027,-8.2935,-5.2433,0.6943,-8.2217,-5.3103,0.6656,661.40
27.394031,-8.3175,-5.2720,0.7135,-8.2600,-5.3582,0.6943,661.40
27.414036,-8.2935,-5.2002,0.6895,-8.2265,-5.3486,0.6560,661.40
27.434037,-8.2744,-5.2625,0.6847,-8.2552,-5.3295,0.6560,661.40
27.454037,-8.2935,-5.2481,0.6656,-8.2408,-5.3822,0.6464,661.40
27.474037,-8.2504,-5.2768,0.6752,-8.1930,-5.3199,0.6464,661.40
27.494037,-8.2265,-5.2481,0.7326,-8.1977,-5.3343,0.6943,661.40
27.514039,-8.3079,-5.2529,0.6225,-8.2361,-5.3917,0.6895,661.40
27.534042,-8.2456,-5.2816,0.6943,-8.1834,-5.4300,0.7087,661.40
27.554042,-8.2648,-5.2864,0.6752,-8.1977,-5.4300,0.6752,661.40
27.574042,-8.2744,-5.3103,0.6416,-8.1930,-5.4109,0.6608,661.40
27.594044,-8.2504,-5.3247,0.6752,-8.1930,-5.4157,0.7039,661.40
27.614047,-8.2887,-5.2672,0.7135,-8.1977,-5.3870,0.6560,661.40
27.634051,-8.3127,-5.2768,0.6608,-8.2361,-5.3486,0.6800,661.40
27.654053,-8.2456,-5.2241,0.7278,-8.2169,-5.3247,0.7422,661.40
27.674053,-8.2600,-5.2098,0.6704,-8.2025,-5.3295,0.6608,661.40
27.694054,-8.2839,-5.2577,0.6656,-8.2121,-5.3582,0.6847,661.40
27.714059,-8.2648,-5.2337,0.7422,-8.2504,-5.3582,0.6704,661.40
27.734059,-8.2935,-5.3056,0.6991,-8.2169,-5.3486,0.6464,661.40
27.754063,-8.2504,-5.2577,0.6800,-8.2552,-5.3630,0.6512,661.40
27.774068,-8.2456,-5.2864,0.7374,-8.2121,-5.3630,0.6752,661.40
27.794071,-8.2552,-5.2385,0.6991,-8.2217,-5.3247,0.6225,661.40
27.814074,-8.2648,-5.2146,0.7039,-8.1882,-5.3103,0.6464,661.40
27.834074,-8.2744,-5.2433,0.7757,-8.2217,-5.3439,0.6369,661.40
27.854074,-8.2504,-5.2672,0.6704,-8.2121,-5.4013,0.6512,661.40
27.874074,-8.2791,-5.2337,0.7230,-8.2265,-5.4157,0.7183,661.40
27.894074,-8.2744,-5.2529,0.7230,-8.1786,-5.3630,0.6656,661.40
27.914074,-8.3031,-5.1811,0.6225,-8.2313,-5.2720,0.6895,661.40
27.934074,-8.2983,-5.2672,0.6847,-8.2169,-5.3247,0.6321,661.40
27.954075,-8.2504,-5.3199,0.6416,-8.1930,-5.4061,0.6991,661.40
27.974079,-8.2887,-5.3391,0.6129,-8.1690,-5.4779,0.5890,661.40
27.994079,-8.2504,-5.3726,0.7183,-8.2313,-5.4492,0.5842,661.40
28.014080,-8.2169,-5.2816,0.6752,-8.1690,-5.4444,0.6991,661.13
28.055006,-8.2887,-5.2720,0.7566,-8.2408,-5.3582,0.6847,661.13
28.075006,-8.3079,-5.1858,0.8045,-8.2600,-5.2577,0.7566,661.13
28.095009,-8.2983,-5.1619,0.7183,-8.2504,-5.1427,0.7614,661.13
28.115010,-8.3031,-5.0996,0.7709,-8.2696,-5.1188,0.7326,661.13
28.135010,-8.3462,-5.0757,0.7039,-8.3079,-5.1906,0.6608,661.13
28.155013,-8.3510,-5.1667,0.6800,-8.2839,-5.2146,0.6560,661.13
28.175017,-8.3031,-5.1715,0.5890,-8.2265,-5.3008,0.6369,661.13
28.195021,-8.3127,-5.1715,0.6321,-8.2456,-5.3151,0.6895,661.13
28.215021,-8.3175,-5.1715,0.7039,-8.2600,-5.3008,0.6800,661.13
28.235021,-8.2744,-5.2146,0.7278,-8.2456,-5.2672,0.6704,661.13
28.255021,-8.3079,-5.2385,0.7470,-8.2313,-5.3726,0.6800,661.13
28.275022,-8.2983,-5.2146,0.6800,-8.2313,-5.3056,0.7230,661.13
28.295023,-8.2648,-5.2289,0.6800,-8.2361,-5.3295,0.6464,661.13
28.315026,-8.3175,-5.2098,0.5938,-8.2504,-5.3103,0.6752,661.13
28.335027,-8.2648,-5.2050,0.6943,-8.2600,-5.3343,0.6704,661.13
28.355028,-8.2983,-5.1619,0.6225,-8.2887,-5.3247,0.6512,661.13
28.375031,-8.2887,-5.1906,0.6847,-8.2361,-5.3056,0.6608,661.13
28.395032,-8.3222,-5.1954,0.7326,-8.2744,-5.2385,0.6656,661.13
28.415037,-8.3031,-5.2050,0.6943,-8.2552,-5.2816,0.6656,661.13
28.435037,-8.3031,-5.1380,0.7039,-8.2313,-5.2050,0.6895,661.13
28.455037,-8.3079,-5.1380,0.6800,-8.2456,-5.2194,0.6369,661.13
28.475037,-8.3222,-5.1427,0.7039,-8.2456,-5.3151,0.7135,661.13
28.495037,-8.3127,-5.1523,0.7183,-8.2408,-5.2960,0.6560,661.13
28.515037,-8.2744,-5.2194,0.7135,-8.2313,-5.3199,0.6512,661.13
28.535037,-8.2935,-5.1763,0.7183,-8.2361,-5.2960,0.6608,661.13
28.555038,-8.2696,-5.1571,0.6847,-8.2121,-5.3008,0.6752,661.13
28.575038,-8.2887,-5.2098,0.7278,-8.2265,-5.2864,0.6991,661.13
28.595039,-8.2839,-5.2098,0.6943,-8.1930,-5.3199,0.7278,661.13
28.615040,-8.3031,-5.2337,0.6895,-8.2121,-5.3582,0.7087,661.13
28.635042,-8.2600,-5.2385,0.6847,-8.1930,-5.2768,0.7422,661.13
28.655042,-8.3031,-5.2002,0.7614,-8.2648,-5.3103,0.6416,661.13
28.675045,-8.2696,-5.2241,0.6847,-8.2025,-5.3439,0.6464,661.13
28.695047,-8.3079,-5.2337,0.6704,-8.2361,-5.3678,0.6608,661.13
28.715047,-8.2504,-5.2050,0.6800,-8.2025,-5.4013,0.6847,661.13
28.735047,-8.3031,-5.2194,0.6943,-8.2361,-5.3295,0.6608,661.13
28.755047,-8.2600,-5.2433,0.6752,-8.2456,-5.3822,0.6512,661.13
28.775050,-8.3414,-5.2577,0.7422,-8.2073,-5.3582,0.7230,661.13
28.795053,-8.2791,-5.2098,0.7374,-8.1642,-5.3439,0.6608,661.13
28.815056,-8.2552,-5.2625,0.7422,-8.2265,-5.3678,0.6608,661.13
28.835058,-8.2361,-5.2241,0.7566,-8.2121,-5.3486,0.6560,661.13
28.855058,-8.2504,-5.2864,0.6752,-8.2025,-5.3822,0.6800,661.13
28.875059,-8.2648,-5.2577,0.6943,-8.1594,-5.3486,0.7087,661.13
28.895060,-8.2648,-5.2816,0.6704,-8.2217,-5.3439,0.6464,661.13
28.915063,-8.2073,-5.2481,0.7039,-8.1930,-5.3486,0.6608,661.13
28.935063,-8.2791,-5.2481,0.6608,-8.1738,-5.3582,0.6895,661.13
28.955064,-8.2983,-5.2672,0.6560,-8.2313,-5.3247,0.6416,661.13
28.975064,-8.2983,-5.2672,0.6943,-8.1977,-5.3582,0.7470,661.13
28.995064,-8.2648,-5.2481,0.7230,-8.2121,-5.3247,0.6512,661.13
29.015064,-8.2648,-5.2577,0.6800,-8.1882,-5.4109,0.6464,661.13
29.056006,-8.2552,-5.2816,0.6560,-8.2313,-5.3726,0.6608,661.13
29.076009,-8.2887,-5.2337,0.7039,-8.1690,-5.3486,0.6991,661.13
29.096010,-8.2744,-5.2433,0.6512,-8.2265,-5.3391,0.6512,661.13
29.116011,-8.2744,-5.2481,0.7039,-8.2025,-5.3439,0.6512,661.13
29.136015,-8.2265,-5.2864,0.7039,-8.2169,-5.3965,0.7183,661.13
29.156016,-8.2696,-5.2672,0.6464,-8.2408,-5.4205,0.6177,661.13
29.176018,-8.2600,-5.2912,0.6752,-8.2313,-5.4396,0.6847,661.13
29.196020,-8.2744,-5.2912,0.7422,-8.2169,-5.3726,0.6847,661.13
29.216021,-8.2839,-5.2481,0.7135,-8.1977,-5.3534,0.6512,661.13
29.236025,-8.2408,-5.2816,0.7135,-8.2361,-5.3774,0.6752,661.13
29.256026,-8.2265,-5.2529,0.6847,-8.2025,-5.3582,0.6895,661.13
29.276028,-8.2887,-5.1858,0.7087,-8.2839,-5.3247,0.6369,661.13
29.296032,-8.3414,-5.1284,0.7135,-8.2313,-5.1763,0.6416,661.13
29.316035,-8.2887,-5.1763,0.6704,-8.2648,-5.2002,0.5602,661.13
29.336038,-8.2648,-5.1763,0.6991,-8.2169,-5.3486,0.6560,661.13
29.356041,-8.2839,-5.2194,0.6512,-8.2361,-5.3343,0.6512,661.13
29.376042,-8.2265,-5.3199,0.6943,-8.1786,-5.4205,0.6608,661.13
29.396042,-8.2648,-5.3103,0.7039,-8.1786,-5.4492,0.6752,661.13
29.416042,-8.2073,-5.3247,0.7230,-8.1642,-5.5067,0.6991,661.13
29.436042,-8.1977,-5.3103,0.7183,-8.1403,-5.4540,0.7278,661.13
29.456042,-8.3079,-5.2625,0.7087,-8.1834,-5.3391,0.7087,661.13
29.476042,-8.3222,-5.2385,0.6656,-8.2025,-5.2768,0.6608,661.13
29.496043,-8.2696,-5.1715,0.6560,-8.1786,-5.2433,0.6800,661.13
29.516048,-8.3318,-5.0853,0.7087,-8.2456,-5.2289,0.5986,661.13
29.536053,-8.3366,-5.2194,0.6895,-8.2935,-5.2385,0.6560,661.13
29.556053,-8.3749,-5.2050,0.6512,-8.2887,-5.2529,0.6464,661.13
29.576058,-8.2791,-5.1906,0.6800,-8.2361,-5.3199,0.6416,661.13
29.596061,-8.2935,-5.2768,0.7183,-8.2552,-5.3151,0.6464,661.13
29.616063,-8.2839,-5.2337,0.7278,-8.2073,-5.3103,0.6895,661.13
29.636064,-8.2361,-5.2625,0.7422,-8.1930,-5.3822,0.7326,661.13
29.656068,-8.2313,-5.2337,0.7183,-8.1355,-5.3439,0.7278,661.13
29.676072,-8.2408,-5.2385,0.7614,-8.2169,-5.3343,0.7757,661.13
29.696073,-8.2648,-5.2577,0.6943,-8.2073,-5.4492,0.6752,661.13
29.716077,-8.2504,-5.3103,0.6991,-8.1977,-5.4444,0.6560,661.13
29.736079,-8.2313,-5.2385,0.6369,-8.1786,-5.3965,0.6369,661.13
29.756080,-8.2983,-5.2241,0.7039,-8.1977,-5.3008,0.6225,661.13
29.776082,-8.3031,-5.2146,0.6895,-8.2265,-5.2672,0.6033,661.13
29.796085,-8.3222,-5.2098,0.6847,-8.2073,-5.2337,0.6177,661.13
29.816085,-8.3079,-5.2194,0.6416,-8.2408,-5.3726,0.6129,661.13
29.836086,-8.2648,-5.2337,0.7087,-8.1882,-5.3678,0.6800,661.13
29.856088,-8.2456,-5.2625,0.7661,-8.2121,-5.3343,0.6656,661.13
29.876093,-8.2361,-5.2289,0.7470,-8.1882,-5.3917,0.7422,661.13
29.896097,-8.2552,-5.2864,0.7518,-8.2265,-5.3582,0.6991,661.13
29.916097,-8.2744,-5.2337,0.6752,-8.2313,-5.2625,0.6943,661.13
29.936099,-8.2696,-5.1619,0.7374,-8.2552,-5.2050,0.6991,661.13
29.956101,-8.2887,-5.1715,0.6704,-8.2552,-5.3343,0.6991,661.13
29.976103,-8.3414,-5.1427,0.7614,-8.2887,-5.2672,0.6656,661.13
29.996103,-8.2887,-5.1763,0.6800,-8.2361,-5.2289,0.5794,661.13
30.016108,-8.2839,-5.2050,0.7183,-8.2217,-5.2816,0.6704,661.05
30.057002,-8.2361,-5.2146,0.7422,-8.2169,-5.3008,0.7326,661.05
30.077006,-8.2744,-5.2481,0.7135,-8.2121,-5.3486,0.6560,661.05
30.097010,-8.2600,-5.2864,0.6800,-8.1594,-5.4300,0.7374,661.05
30.117010,-8.2648,-5.3199,0.7087,-8.1738,-5.4684,0.7039,661.05
30.137013,-8.2456,-5.3056,0.6560,-8.1882,-5.4253,0.6800,661.05
30.157016,-8.2935,-5.2625,0.6369,-8.2313,-5.3630,0.5986,661.05
30.177021,-8.2696,-5.2337,0.5842,-8.2217,-5.3295,0.6273,661.05
30.197021,-8.3175,-5.1954,0.6656,-8.2744,-5.3008,0.6321,661.05
30.217021,-8.2600,-5.2289,0.7470,-8.2121,-5.2433,0.6752,661.05
30.237026,-8.2791,-5.1858,0.7566,-8.2025,-5.3151,0.6704,661.05
30.257026,-8.2696,-5.2433,0.7470,-8.1977,-5.3295,0.6847,661.05
30.277026,-8.2648,-5.2289,0.7422,-8.1930,-5.3151,0.6943,661.05
30.297030,-8.2983,-5.2146,0.6991,-8.2504,-5.3630,0.7039,661.05
30.317032,-8.3127,-5.2241,0.6991,-8.1786,-5.4013,0.6608,661.05
30.337032,-8.2504,-5.2529,0.7278,-8.2121,-5.3582,0.6608,661.05
30.357037,-8.2648,-5.2481,0.7470,-8.2073,-5.3391,0.7518,661.05
30.377037,-8.2504,-5.2337,0.7087,-8.1882,-5.2864,0.7087,661.05
30.397037,-8.3270,-5.2816,0.6800,-8.2552,-5.2864,0.5890,661.05
30.417040,-8.2696,-5.2720,0.6464,-8.2313,-5.4157,0.5986,661.05
30.437040,-8.2887,-5.2289,0.5650,-8.3318,-5.3391,0.6847,661.05
30.457041,-8.2361,-5.3295,0.6608,-8.1642,-5.4875,0.4980,661.05
30.477042,-8.2648,-5.3439,0.6273,-8.1930,-5.4923,0.4645,661.05
30.497045,-8.2361,-5.3630,0.7039,-8.1786,-5.4875,0.5794,661.05
30.517047,-8.1690,-5.3870,0.6847,-8.1259,-5.4971,0.6560,661.05
30.537052,-8.1690,-5.3295,0.6847,-8.1642,-5.4540,0.7183,661.05
30.557053,-8.2265,-5.2720,0.7183,-8.1977,-5.3391,0.6800,661.05
30.577055,-8.2552,-5.2337,0.7518,-8.1930,-5.3151,0.6991,661.05
30.597059,-8.2504,-5.2864,0.7039,-8.1930,-5.3486,0.6416,661.05
30.617063,-8.2648,-5.2529,0.7230,-8.2313,-5.3439,0.6800,661.05
30.637063,-8.2552,-5.2577,0.7326,-8.1594,-5.3822,0.7422,661.05
30.657064,-8.2408,-5.2194,0.6895,-8.1882,-5.4013,0.6800,661.05
30.677068,-8.2025,-5.3008,0.6991,-8.1882,-5.4013,0.7087,661.05
30.697069,-8.2025,-5.3199,0.7087,-8.1307,-5.4971,0.7278,661.05
30.717069,-8.1930,-5.2768,0.7183,-8.1834,-5.3726,0.7278,661.05
30.737071,-8.2408,-5.2720,0.6991,-8.1403,-5.3965,0.7518,661.05
30.757073,-8.2217,-5.2864,0.6943,-8.1594,-5.3774,0.6704,661.05
30.777074,-8.2408,-5.3151,0.7039,-8.1690,-5.4492,0.6943,661.05
30.797077,-8.1882,-5.3199,0.6752,-8.2169,-5.4684,0.6512,661.05
30.817079,-8.2313,-5.3582,0.6416,-8.1211,-5.4636,0.5938,661.05
30.837083,-8.2361,-5.3439,0.6273,-8.1499,-5.4684,0.6321,661.05
30.857085,-8.2265,-5.3965,0.6704,-8.1355,-5.5833,0.6464,661.05
30.877086,-8.2025,-5.3917,0.6991,-8.1020,-5.5545,0.6608,661.05
30.897088,-8.1594,-5.3486,0.7661,-8.1259,-5.4636,0.7374,661.05
30.917093,-8.1547,-5.3917,0.7039,-7.9631,-5.5641,0.6129,661.05
30.937093,-8.2169,-5.3726,0.5650,-8.1834,-5.6743,0.5028,661.05
30.957094,-8.2025,-5.4348,0.7901,-8.1642,-5.7317,0.7566,661.05
30.977099,-8.1738,-5.3295,0.7566,-8.1642,-5.4205,0.7039,661.05
30.997104,-8.1834,-5.3391,0.7709,-8.0924,-5.4588,0.5986,661.05
31.017104,-8.2552,-5.3630,0.6416,-8.2025,-5.3439,0.8140,661.22
31.057998,-8.2313,-5.3247,0.7087,-8.1355,-5.2864,0.6895,661.22
31.077999,-8.2935,-5.3056,0.7230,-8.2456,-5.0709,0.7374,661.22
31.098001,-8.2265,-5.1858,0.7518,-8.1068,-5.0709,0.7566,661.22
31.118004,-8.2887,-5.0853,0.7230,-8.1977,-5.2864,0.8523,661.22
31.138005,-8.2887,-5.2433,0.6752,-8.2983,-5.3630,0.6512,661.22
31.158010,-8.2361,-5.2912,0.7374,-8.1786,-5.3965,0.7039,661.22
31.178013,-8.2552,-5.2816,0.7087,-8.1977,-5.4013,0.6512,661.22
31.198015,-8.1307,-5.3247,0.6416,-8.0732,-5.4492,0.6560,661.22
31.218015,-8.2696,-5.3295,0.6512,-8.1977,-5.5067,0.5986,661.22
31.238017,-8.1930,-5.3295,0.6895,-8.1355,-5.4875,0.7135,661.22
31.258021,-8.2456,-5.2912,0.6943,-8.1882,-5.4492,0.6943,661.22
31.278021,-8.1642,-5.3534,0.7183,-8.1211,-5.4827,0.6608,661.22
31.298021,-8.2552,-5.2672,0.7087,-8.1451,-5.5402,0.6369,661.22
31.318023,-8.2504,-5.2912,0.6943,-8.1738,-5.3534,0.6800,661.22
31.338026,-8.2887,-5.2098,0.7422,-8.2361,-5.2672,0.6225,661.22
31.358028,-8.2696,-5.2194,0.7135,-8.1882,-5.3151,0.6943,661.22
31.378030,-8.2408,-5.2289,0.6800,-8.2121,-5.3151,0.6752,661.22
31.398033,-8.2839,-5.1954,0.7230,-8.2169,-5.2912,0.6560,661.22
31.418036,-8.1930,-5.2960,0.6895,-8.1690,-5.4205,0.6369,661.22
31.438037,-8.2839,-5.3103,0.6656,-8.2121,-5.4636,0.6464,661.22
31.458041,-8.2648,-5.2720,0.7039,-8.2073,-5.3822,0.7183,661.22
31.478041,-8.2313,-5.3343,0.6991,-8.1738,-5.3917,0.7757,661.22
31.498042,-8.2408,-5.2720,0.7661,-8.1834,-5.2768,0.7183,661.22
31.518042,-8.2935,-5.2098,0.6800,-8.2025,-5.3151,0.6512,661.22
31.538042,-8.2648,-5.2960,0.6608,-8.2121,-5.3726,0.7039,661.22
31.558045,-8.2552,-5.2385,0.6321,-8.1977,-5.3774,0.6512,661.22
31.578047,-8.2361,-5.2385,0.6752,-8.1642,-5.3774,0.6608,661.22
31.598048,-8.2504,-5.3056,0.7087,-8.1642,-5.3917,0.6800,661.22
31.618052,-8.2361,-5.3056,0.7230,-8.1930,-5.3582,0.6416,661.22
31.638053,-8.2408,-5.3008,0.6464,-8.1930,-5.4396,0.6321,661.22
