Timestamp,A_x,A_y,A_z,B_x,B_y,B_z,Altitude,,,,,,,,,,,,,,,,,,,,,,
0,-3.4668,9.8067,1.6855,-4.4197,9.5002,2.7677,615.88,,,,,,,,,,,,,,,,,Alpha,Alpha-smoothed,Omega,AlphaFromOmega,Omega-smoothed,AlphaFromOmegaSmooth
0.069769,-4.1851,9.0453,0.9146,-4.1372,8.1307,-0.0862,615.88,,,,,,,,,,,,,,,,,-1.509852217,-0.551188177,0,6.962372249,0.09715155,-3.464131723
0.089773,-3.5434,9.912,0.656,-3.8642,9.6869,-1.3599,615.88,,,,,,,,,,,,,,,,,-4.505418719,-0.528701339,0.485757749,-24.28303087,0.09715155,-4.856606173
0.109776,-3.2657,9.4619,0.3496,-3.3184,9.232,0.8284,615.88,,,,,,,,,,,,,,,,,-1.108866995,-0.480472684,0,0,0,0
0.129781,-3.7876,9.5337,0.6369,-3.8786,9.232,0.6416,615.88,,,,,,,,,,,,,,,,,-1.132512315,-0.44365485,0,0,0,0
0.149785,-3.6057,9.2464,0.5698,-3.8068,9.5002,0.3208,615.88,,,,,,,,,,,,,,,,,-1.486206897,-0.412798519,0,0,0,0
0.169789,-3.8164,9.6055,0.3735,-4.1037,9.5433,0.7757,615.88,,,,,,,,,,,,,,,,,1.250246305,-0.382698466,0,0,0,0
0.189791,-3.5195,9.4763,0.4693,-3.6966,9.6007,0.3543,615.88,,,,,,,,,,,,,,,,,-0.306403941,-0.361248806,0,0,0,0
0.209791,-3.553,9.6007,0.5267,-3.7397,9.663,0.5555,615.88,,,,,,,,,,,,,,,,,0.612807882,-0.340647683,0,0,0,2.663247407
0.229791,-3.8595,9.3709,0.4022,-3.9552,9.098,0.2825,615.88,,,,,,,,,,,,,,,,,0.306896552,-0.323801851,0,0,0.053267611,0.000399407
0.249792,-3.6248,9.414,0.5028,-3.8068,9.1602,0.8523,615.88,,,,,,,,,,,,,,,,,-1.344334975,-0.309110513,0,0,0.053267611,0.000399407
0.269795,-3.6248,9.4475,0.565,-3.8595,9.2799,0.7087,615.88,,,,,,,,,,,,,,,,,-1.250246305,-0.294036884,0,0,0.053267611,0.000399407
0.289797,-3.6727,9.3182,0.4836,-3.869,9.2464,0.6847,615.88,,,,,,,,,,,,,,,,,-0.825615764,-0.278280637,0,0,0.053267611,0.000399407
0.309798,-3.7781,9.5289,0.4262,-3.7637,9.6199,0.2586,615.88,,,,,,,,,,,,,,,,,-0.353694581,-0.25940874,0,13.31623704,0.053267611,0.000399407
0.329802,-3.8595,9.347,0.2538,-3.9696,9.1746,0.0766,615.88,,,,,,,,,,,,,,,,,0.448275862,-0.238819435,0.266338057,-13.31424,0.053267611,-2.662848
0.349802,-3.6631,9.5098,0.3017,-3.8786,9.4092,0.4932,615.88,,,,,,,,,,,,,,,,,-0.849261084,-0.217587198,0,0,0,0
0.369806,-4.0989,9.4523,0.5698,-4.5203,9.2656,-1.2019,615.88,,,,,,,,,,,,,,,,,-0.495566502,-0.192743829,0,0,0,0
0.389807,-4.4532,9.2799,0.1437,-4.5155,9.256,-1.0439,615.88,,,,,,,,,,,,,,,,,-0.919704433,-0.165474496,0,0,0,0
0.409808,-3.7158,9.2799,0.4884,-4.391,9.5912,-0.8667,615.88,,,,,,,,,,,,,,,,,-0.11773399,-0.136448697,0,0,0,0
0.429812,-3.055,9.7779,0.7661,-3.4046,10.5536,0.8715,615.88,,,,,,,,,,,,,,,,,1.533497537,-0.109394164,0,0,0,0
0.449813,-3.3184,9.6486,0.4836,-3.5243,9.9982,0.6752,615.88,,,,,,,,,,,,,,,,,3.821182266,-0.083891744,0,0,0,0
0.469813,-4.0031,9.3422,0.6273,-4.1228,9.007,0.905,615.88,,,,,,,,,,,,,,,,,1.722167488,-0.067878458,0,0,0,0
0.489813,-3.9361,9.3326,0.5555,-3.9744,9.1506,0.6704,615.88,,,,,,,,,,,,,,,,,-1.651231527,-0.06015144,0,0,0,0
0.509813,-3.3423,9.5098,0.7614,-3.5769,9.5529,1.0199,615.88,,,,,,,,,,,,,,,,,-0.896551724,-0.04551037,0,0,0,0
0.529813,-3.5817,9.3134,0.656,-3.7254,9.2464,0.5363,615.88,,,,,,,,,,,,,,,,,0.212315271,-0.026086967,0,0,0,0
0.549813,-3.6344,9.4715,0.5267,-3.7972,9.3374,0.747,615.88,,,,,,,,,,,,,,,,,-0.330049261,-0.006277129,0,0,0,0
0.569814,-3.9552,9.3182,0.2825,-4.1276,9.0884,0.067,615.88,,,,,,,,,,,,,,,,,-0.660591133,0.013436661,0,0,0,0
0.589814,-3.9887,9.414,0.4788,-4.1515,9.1171,0.0383,615.88,,,,,,,,,,,,,,,,,-1.132019704,0.034931347,0,0,0,0
0.609818,-3.7876,9.4092,0.5267,-3.9073,9.1889,0.6608,615.88,,,,,,,,,,,,,,,,,-1.462561576,0.058670319,0,0,0,0
0.629818,-3.6823,9.4236,0.5171,-3.9265,9.2991,0.2777,615.88,,,,,,,,,,,,,,,,,-1.085221675,0.088458897,0,0,0,0
0.649818,-3.7014,9.5146,0.4549,-3.8403,9.3518,0.5171,615.88,,,,,,,,,,,,,,,,,-0.613300493,0.110132219,0,0,0,0
0.669818,-3.7158,9.5624,0.2682,-3.9169,9.3901,0.1532,615.88,,,,,,,,,,,,,,,,,-0.801970443,0.126063612,0,0,0,0
0.689818,-3.6919,9.5146,0.2969,-3.8786,9.3613,0.2586,615.88,,,,,,,,,,,,,,,,,-0.848768473,0.142623103,0,0,0,0
0.709821,-3.7206,9.3996,0.5411,-3.8642,9.3182,0.3831,615.88,,,,,,,,,,,,,,,,,-0.755172414,0.165062529,0,0,0,0
0.729821,-3.735,9.1698,0.6656,-3.8738,8.9783,0.1676,615.88,,,,,,,,,,,,,,,,,-0.400985222,0.192188585,0,0,0,0
0.749823,-3.62,9.596,0.6177,-3.7876,9.4427,1.0965,615.88,,,,,,,,,,,,,,,,,-0.943349754,0.222517949,0,0,0,0
0.769823,-3.6775,9.3326,0.3543,-3.9025,9.2033,0.1053,615.88,,,,,,,,,,,,,,,,,-0.755172414,0.270083417,0,0,0,0
0.789823,-3.7206,9.5529,0.4262,-3.869,9.6055,0.3735,615.88,,,,,,,,,,,,,,,,,-0.636945813,0.327214607,0,0,0,0
0.809827,-3.6488,9.481,0.3735,-3.7158,9.4188,0.929,615.88,,,,,,,,,,,,,,,,,0.2591133,0.391964734,0,0,0,0
0.829831,-3.5674,9.5146,0.5267,-3.7206,9.3805,0.4453,615.88,,,,,,,,,,,,,,,,,-0.306403941,0.469807171,0,0,0,0
0.849835,-3.5051,9.4284,0.6321,-3.7014,9.347,0.5938,615.88,,,,,,,,,,,,,,,,,-0.660591133,0.539059806,0,0,0,0
0.869837,-3.5865,9.5193,0.5507,-3.7254,9.4571,0.5507,615.88,,,,,,,,,,,,,,,,,-0.400985222,0.614150207,0,0,0,0
0.889839,-3.6009,9.481,0.4357,-3.7637,9.3613,0.4405,615.88,,,,,,,,,,,,,,,,,-0.306403941,0.689808743,0,0,0,0
0.909841,-3.7445,9.4715,0.3448,-3.8882,9.2512,0.3304,615.88,,,,,,,,,,,,,,,,,-0.589655172,0.773703445,0,0,0,0
0.929845,-3.7541,9.4715,0.4453,-3.8834,9.2416,0.3639,615.88,,,,,,,,,,,,,,,,,-1.085221675,0.859349747,0,0,0,0
0.949845,-3.7254,9.3518,0.4214,-3.869,9.1554,0.2825,615.88,,,,,,,,,,,,,,,,,-1.132512315,0.970283964,0,0,0,0
0.969845,-3.7541,9.4236,0.4166,-3.9361,9.1794,0.3783,615.88,,,,,,,,,,,,,,,,,-0.967487685,1.083855621,0,0,0,0
0.989845,-3.7637,9.4523,0.3496,-3.8978,9.256,0.1676,615.88,,,,,,,,,,,,,,,,,-1.202955665,1.218037648,0,0,0,0
1.009845,-3.6105,9.4906,0.3591,-3.802,9.3853,0.2682,616.24,,,,,,,,,,,,,,,,,-0.966995074,1.348695331,0,0,0,0
1.050003,-3.5817,9.5385,0.3304,-3.7397,9.3948,0.2011,616.24,,,,,,,,,,,,,,,,,-0.518719212,1.457672902,0,0,0,0
1.070005,-3.3854,9.5768,0.5028,-3.5051,9.5816,0.5267,616.24,,,,,,,,,,,,,,,,,-0.707881773,1.582893847,0,0,0,0
1.090007,-3.1364,9.6247,0.5507,-3.2848,9.8306,0.6129,616.24,,,,,,,,,,,,,,,,,0.02364532,1.72030088,0,0,0,0
1.11001,-2.873,9.7875,0.5315,-3.0598,10.094,0.8715,616.24,,,,,,,,,,,,,,,,,1.014285714,1.860925595,0,0,0,0
1.13001,-3.0454,9.7061,0.5219,-3.2322,9.9695,0.5124,616.24,,,,,,,,,,,,,,,,,1.509852217,2.005987999,0,0,0,0
1.15001,-3.1843,9.7252,0.4836,-3.3136,9.9024,0.4884,616.24,,,,,,,,,,,,,,,,,1.297536946,2.072130519,0,0,0,0
1.170014,-3.146,9.6774,0.3831,-3.3327,9.8928,0.3591,616.24,,,,,,,,,,,,,,,,,0.872906404,2.142078154,0,0,0,0
1.190016,-3.055,9.7444,0.4262,-3.2322,9.9742,0.3017,616.24,,,,,,,,,,,,,,,,,1.061083744,2.229784989,0,0,0,0
1.210016,-3.1556,9.7061,0.3112,-3.3902,9.9407,0.2586,616.24,,,,,,,,,,,,,,,,,1.132019704,2.325843584,0,0,0,0
1.230021,-3.3567,9.7636,0.1628,-3.4764,9.9311,0.1484,616.24,,,,,,,,,,,,,,,,,1.155665025,2.294243576,0,0,0,0
1.250023,-3.4237,9.7205,0.4597,-3.6248,9.8641,0.2011,616.24,,,,,,,,,,,,,,,,,0.825123153,2.234505375,0,0,0,0
1.270023,-3.5051,9.4763,0.7614,-3.6583,9.4475,0.5267,616.24,,,,,,,,,,,,,,,,,0.707389163,2.225283016,0,0,0,0
1.290023,-3.644,9.6247,0.1053,-3.893,9.6391,0.5076,616.24,,,,,,,,,,,,,,,,,-0.141871921,2.29345389,0,0,0,0
1.310026,-3.213,9.5146,0.7757,-3.4333,9.8402,0.8092,616.24,,,,,,,,,,,,,,,,,0.070935961,2.43784862,0,0,0,0
1.330026,-3.2513,9.6391,0.5411,-3.4237,9.9695,0.4788,616.24,,,,,,,,,,,,,,,,,1.603940887,2.693444419,0,0,0,6.869651973
1.350026,-3.1747,9.5385,0.4118,-3.3088,9.9455,0.2203,616.24,,,,,,,,,,,,,,,,,1.627586207,2.979879311,0,0,0.137393039,0.001030293
1.37003,-2.7485,9.9024,0.3543,-3.0502,10.3382,0.9194,616.24,,,,,,,,,,,,,,,,,2.004926108,3.180682185,0,0,0.137393039,0.001030293
1.390031,-3.0023,9.7923,0.4693,-3.1699,10.2232,0.5267,616.24,,,,,,,,,,,,,,,,,2.14679803,3.383924881,0,0,0.137393039,0.001030293
1.410033,-3.4237,9.7109,0.6752,-3.711,10.0126,0.5986,616.24,,,,,,,,,,,,,,,,,2.122660099,3.660997604,0,0,0.137393039,0.001030293
1.430033,-3.96,9.4092,0.3879,-3.8642,9.5098,0.4166,616.24,,,,,,,,,,,,,,,,,1.486206897,4.023322111,0,34.34825986,0.137393039,1.538503161
1.450036,-3.9409,9.3326,0.4166,-4.0414,9.7827,0.4788,616.24,,,,,,,,,,,,,,,,,0.495566502,4.294590673,0.686965197,-34.3431084,0.168147109,-5.331148812
1.470037,-4.209,9.4092,0.4549,-4.3958,9.481,0.9194,616.24,,,,,,,,,,,,,,,,,2.217241379,4.554504325,0,0,0.06150814,-0.00015374
1.490041,-4.1228,9.0118,0.5555,-4.1946,8.6718,0.565,616.24,,,,,,,,,,,,,,,,,0.353694581,4.821107355,0,0,0.06150814,4.343461698
1.510045,-3.7158,9.9886,0.4214,-3.8595,10.4579,0.3496,616.24,,,,,,,,,,,,,,,,,-1.674876847,5.095828081,0,0,0.148380448,7.035860386
1.530048,-4.0893,9.4571,0.4932,-4.0845,9.9311,0.0958,616.24,,,,,,,,,,,,,,,,,2.31182266,5.392658845,0,7.68736434,0.289103423,6.34E-05
1.550052,-4.0127,9.572,0.2203,-4.0079,9.8593,0.5076,616.24,,,,,,,,,,,,,,,,,2.334975369,5.630332753,0.153770349,0,0.289103423,-1.537409438
1.570053,-4.4197,9.1267,0.2825,-4.6017,9.256,-0.2011,616.24,,,,,,,,,,,,,,,,,1.415270936,5.8458918,0.153770349,-7.688133038,0.258349353,9.536131494
1.590053,-4.3191,9.2512,0.6416,-4.2808,9.5098,0.68,616.24,,,,,,,,,,,,,,,,,0.636945813,6.038926125,0,21.71807719,0.449099323,4.851060444
1.610054,-4.9512,9.0261,0.8715,-4.8507,9.256,0.5028,616.24,,,,,,,,,,,,,,,,,1.273891626,6.161900677,0.434361544,13.46199344,0.546149409,-4.343846476
1.630055,-4.5155,8.9926,0.4453,-4.8602,9.5816,0.905,616.24,,,,,,,,,,,,,,,,,1.132512315,6.166146231,0.703614875,-35.17898478,0.4592771,-7.036245163
1.65006,-4.4245,9.2129,0.8571,-4.6495,8.4372,0.158,616.24,,,,,,,,,,,,,,,,,2.901477833,6.104781883,0,0,0.318554125,10.30025937
1.670063,-5.1523,8.9735,0.1293,-4.9033,8.4611,-0.0766,616.24,,,,,,,,,,,,,,,,,-3.821182266,6.033323499,0,55.36770466,0.52461978,23.23740941
1.690063,-5.2289,9.0453,0.4549,-5.1811,9.1123,1.1253,616.24,,,,,,,,,,,,,,,,,-2.524137931,5.979208808,1.107520196,-31.11348829,0.989441373,-11.07256389
1.710068,-5.4013,8.9878,0.2251,-5.4875,9.6103,-0.6752,616.24,,,,,,,,,,,,,,,,,0.330049261,5.884422484,0.48525043,-24.25645741,0.767937334,10.58163852
1.730069,-4.798,8.576,0.9194,-4.8794,9.1506,1.4605,616.24,,,,,,,,,,,,,,,,,3.066502463,5.829079564,0,0,0.979579069,18.68258785
1.750074,-5.794,9.7492,0.3112,-5.5785,10.2855,1.0295,616.24,,,,,,,,,,,,,,,,,2.830541872,5.747318442,0,51.50353788,1.353270546,12.28593821
1.770075,-5.0757,8.2552,0.5124,-3.9792,10.2089,0.3879,616.24,,,,,,,,,,,,,,,,,2.641871921,5.622893326,1.030328275,64.6857502,1.599022634,-6.860868092
1.790079,-4.5633,8.4994,0.6225,-4.6208,9.8497,0.1437,616.24,,,,,,,,,,,,,,,,,9.624137931,5.579862489,2.324107965,-116.1821618,1.46172517,-8.346023439
1.810083,-5.7221,8.9591,0.5794,-5.2385,10.2232,0.1053,616.24,,,,,,,,,,,,,,,,,6.651724138,5.52539757,0,77.15752376,1.294711661,18.61894119
1.830085,-7.1012,8.1163,1.1205,-6.3925,10.2232,0.9481,616.24,,,,,,,,,,,,,,,,,6.227093596,5.450488937,1.543459105,16.24828923,1.667109034,10.31226706
1.850086,-4.3096,7.6806,0.9481,-4.0031,7.4939,1.8627,616.24,,,,,,,,,,,,,,,,,10.37881773,5.411158175,1.868457386,-31.9832482,1.873318322,-5.740725787
1.870093,-8.0589,9.4619,0.7135,-8.0349,10.6542,0.7039,616.24,,,,,,,,,,,,,,,,,-0.919704433,5.368388927,1.228760439,-44.23049363,1.758422845,18.12030596
1.890093,-5.2529,7.944,-0.4741,-4.8028,8.6862,0.6895,616.24,,,,,,,,,,,,,,,,,5.873399015,5.327758423,0.343840953,57.25997346,2.120841721,13.52337633
1.910098,-5.679,6.8187,-0.431,-4.9752,8.4036,-1.5227,616.24,,,,,,,,,,,,,,,,,3.656157635,5.350633877,1.489040422,18.64266131,2.39135704,1.216524636
1.930099,-8.0445,8.6479,0.2203,-6.699,9.5672,2.9736,616.24,,,,,,,,,,,,,,,,,7.807389163,5.395431307,1.861986862,35.62415311,2.415733617,9.110665708
1.950102,-6.426,7.6758,-0.1484,-6.0861,11.0229,-2.9257,616.24,,,,,,,,,,,,,,,,,4.528571429,5.403567743,2.574505548,-64.01667499,2.840795263,-11.41802392
1.970107,-6.7373,8.3366,2.0207,-4.8602,9.5146,1.4748,616.24,,,,,,,,,,,,,,,,,16.48817734,5.391319471,1.293979998,87.32191054,2.855249185,-7.979449058
1.990109,-8.7915,8.1642,0.6847,-8.2073,11.3198,1.3934,616.24,,,,,,,,,,,,,,,,,5.802955665,5.317543836,3.040854819,-67.21514181,2.938513013,-6.495408828
2.010111,-6.9528,6.177,0.8571,-6.426,6.9192,4.3383,616.24,,,,,,,,,,,,,,,,,15.54482759,5.194644592,1.696417552,-4.274284991,3.051370324,14.20003558
2.051003,-10.6638,5.0566,1.2929,-7.4364,3.8738,3.5961,616.24,,,,,,,,,,,,,,,,,3.656157635,5.088910264,1.610923304,58.11336667,3.57816341,21.35193279
2.071005,-8.5377,3.486,-1.4796,-7.1156,6.2201,0.4741,616.24,,,,,,,,,,,,,,,,,-5.826600985,4.903390994,3.987295094,-67.01929504,4.247996149,14.25377365
2.091005,-11.066,5.2912,2.0877,-10.4722,7.7189,5.6982,616.24,,,,,,,,,,,,,,,,,13.46847291,4.734398349,2.646775155,-46.82380067,4.533062912,-7.719145546
2.111005,-6.8953,3.8738,0.0527,-4.2569,5.6168,1.6807,616.24,,,,,,,,,,,,,,,,,11.9591133,4.534809925,1.710299141,94.74211169,4.378662723,28.48302074
2.131005,-7.829,2.9353,-3.1747,-4.0223,5.0422,0.4741,616.24,,,,,,,,,,,,,,,,,8.586206897,4.297931804,3.605141375,36.26208021,4.948332696,-36.05189169
2.151005,-12.9383,0,-0.9529,-7.944,-6.6415,-5.4636,616.24,,,,,,,,,,,,,,,,,10.37881773,4.058051982,4.330382979,31.48520106,4.227304421,6.027272817
2.171009,-11.1761,-1.3743,-4.0893,-5.2289,-0.0335,-5.0374,616.24,,,,,,,,,,,,,,,,,-32.71674877,3.877295627,4.960087001,22.62257098,4.348007431,-3.379260653
2.19101,-9.845,-0.8811,0.2777,-9.1315,1.901,2.4469,616.24,,,,,,,,,,,,,,,,,6.604926108,3.780733516,5.412628911,-176.883891,4.280564224,3.863281128
2.211011,-3.5147,1.2402,-1.6137,0.7039,3.237,17.1712,616.24,,,,,,,,,,,,,,,,,13.70492611,3.66364884,1.874774206,134.1870308,4.357977288,22.5970501
2.231011,-11.2288,-2.0734,1.2785,-17.7602,-14.4897,-9.6007,616.24,,,,,,,,,,,,,,,,,9.836453202,3.514126185,4.558649009,-227.9324505,4.810101109,-3.059458461
2.251014,-4.8411,0.6608,0.5028,0.1006,-2.4277,2.5235,616.24,,,,,,,,,,,,,,,,,-61.16403941,3.386185688,0,246.6579027,4.749067921,34.7114857
2.271019,-13.1298,-9.754,11.0708,-8.7915,-4.8028,-2.4038,616.24,,,,,,,,,,,,,,,,,-15.21428571,3.429098886,4.933898028,-15.54746629,5.443422355,6.271659243
2.291021,-1.3455,0.7278,-1.1253,5.4827,9.0357,6.2632,616.24,,,,,,,,,,,,,,,,,24.39014778,3.47730938,4.622870965,58.83527989,5.568832264,13.39302481
2.311021,-8.0397,-7.015,4.9225,-4.5681,1.7813,-5.4588,616.24,,,,,,,,,,,,,,,,,40.92561576,3.415833468,5.799694233,-83.21504615,5.836689044,-4.504179582
2.331021,-8.5712,-17.5782,-1.6137,-4.8985,-4.2329,7.4268,616.24,,,,,,,,,,,,,,,,,43.33152709,3.2585155,4.13539331,5.904487974,5.746559812,4.979242774
2.351025,-2.5426,-8.4084,0.7422,-0.0958,-2.1979,-4.865,616.24,,,,,,,,,,,,,,,,,65.74039409,2.987187992,4.25348307,-39.07772967,5.846099026,21.49423142
2.371025,-7.6231,-1.6472,0.8045,-1.3455,-7.5465,5.387,616.24,,,,,,,,,,,,,,,,,30.59359606,2.630017264,3.471772166,104.4587705,6.275973406,8.314419197
2.391026,-2.4469,-8.3893,-7.1874,4.7692,-5.6838,-8.6479,616.24,,,,,,,,,,,,,,,,,-29.06059113,2.239283679,5.560947575,20.05936156,6.442240812,-9.636223828
2.411029,-0.2346,-13.4123,1.8627,5.5737,-3.0358,1.9968,616.24,,,,,,,,,,,,,,,,,13.32758621,1.850445524,5.962154866,-30.65074209,6.249507122,-41.90807164
2.431029,0.6129,-16.6684,-5.8897,4.9704,-4.3287,13.1298,616.24,,,,,,,,,,,,,,,,,51.11576355,1.424414062,5.349048071,-35.79793437,5.411332465,-9.349786969
2.451031,-3.1029,-16.1273,2.6097,5.2194,-21.8638,-2.1069,616.24,,,,,,,,,,,,,,,,,60.78669951,0.950995575,4.633089384,88.47943118,5.224341891,1.944023811
2.471033,3.1651,-7.1347,4.7932,6.924,-5.4923,-0.4405,616.24,,,,,,,,,,,,,,,,,-28.25862069,0.375954596,6.402854967,-104.9767908,5.263227533,-15.87395123
2.491037,4.5729,-12.0764,3.802,8.8633,-8.2744,-7.0916,616.24,,,,,,,,,,,,,,,,,8.090640394,-0.092284376,4.303109198,14.70555534,4.94571816,15.91228625
2.511037,1.1061,-13.3884,-0.0287,1.743,-9.7444,-6.5218,616.24,,,,,,,,,,,,,,,,,18.72906404,-0.498974003,4.597279127,-141.2998775,5.2640079,-17.90362826
2.531037,4.1994,-8.916,-4.8698,8.1547,-4.1084,-3.0358,616.24,,,,,,,,,,,,,,,,,17.95073892,-0.894711615,1.771281577,132.1406813,4.90593671,-17.70727183
2.551037,5.6599,-22.3714,-4.0558,10.3908,-25.2014,21.6484,616.24,,,,,,,,,,,,,,,,,23.68275862,-1.295706526,4.414095202,20.67111953,4.551680395,14.05920751
2.571038,1.8627,0.1724,-1.6759,6.5697,0.6991,0.0096,616.24,,,,,,,,,,,,,,,,,-13.9408867,-1.727128307,4.827517593,-0.61044401,4.832870055,-28.96004814
2.591041,2.0925,-6.7708,5.4444,9.1459,-6.699,8.4036,616.24,,,,,,,,,,,,,,,,,2.594581281,-2.043330555,4.815308102,53.95439661,4.253480178,11.63633285
2.611042,11.6262,-13.9726,2.8252,13.2256,-19.3595,-12.4115,616.24,,,,,,,,,,,,,,,,,0.353694581,-2.305938083,5.894557898,-154.3740172,4.486018042,-19.29886478
2.631046,5.6168,4.3766,-2.8204,-0.0383,-6.7852,-7.8051,616.24,,,,,,,,,,,,,,,,,-26.5364532,-2.511253545,2.806923179,-140.3180953,4.099819582,15.48913418
2.651048,5.0182,-4.6352,-2.0734,11.8944,-11.3629,8.1163,616.24,,,,,,,,,,,,,,,,,-54.98423645,-2.616126911,0,290.973078,4.409411975,5.543726268
2.671053,11.7986,-12.4977,-0.4549,12.5552,-13.6086,1.7382,616.24,,,,,,,,,,,,,,,,,-33.14137931,-2.57074072,5.820043505,-194.4251587,4.520208464,-40.95320749
2.691053,-1.2163,-3.7781,-1.4892,6.0382,-3.4285,-7.5178,616.24,,,,,,,,,,,,,,,,,-5.472413793,-2.47205055,1.930568205,202.3714609,3.700984982,17.993367
2.711053,12.5983,-6.177,5.545,15.7874,-11.5784,-4.6543,616.24,,,,,,,,,,,,,,,,,1.722167488,-2.340475322,5.977997424,-100.7215915,4.060987723,-14.2524348
2.731053,10.1131,-3.8307,1.5706,13.963,-0.5171,1.8244,616.24,,,,,,,,,,,,,,,,,-26.60788177,-2.234206965,3.963565594,19.56597758,3.776090885,6.636469436
2.751053,15.7682,-1.7957,1.5562,15.8305,-4.5538,-4.5346,616.24,,,,,,,,,,,,,,,,,16.32315271,-2.08307267,4.354885146,-190.0451349,3.908974365,-43.54730191
2.771056,7.7716,-2.0877,-4.2569,8.3749,-6.8953,-6.5122,616.24,,,,,,,,,,,,,,,,,-13.58669951,-1.929890735,0.553982447,58.48840915,3.037997336,49.42004862
2.791061,17.99,-3.0837,2.6097,20.8152,4.8746,-2.7725,616.24,,,,,,,,,,,,,,,,,-23.68275862,-1.825835401,1.723926095,100.3077138,4.026587151,28.64862806
2.811063,4.4388,4.4628,-6.0669,8.6479,4.7597,-4.5729,616.24,,,,,,,,,,,,,,,,,39.20344828,-1.764527817,3.730581909,41.14245193,4.599713461,13.3037925
2.831066,14.5232,3.7254,-3.9504,18.8711,2.3415,-8.9543,616.24,,,,,,,,,,,,,,,,,1.462561576,-1.811774844,4.553513233,3.72292968,4.865856903,-11.71235868
2.85107,10.8745,-4.8602,-4.118,8.3749,-0.5602,-4.8028,616.24,,,,,,,,,,,,,,,,,-6.817241379,-1.882709783,4.627982995,-231.3528792,4.631627289,-19.23930324
2.871074,7.4077,2.9161,-2.2505,13.5416,4.2569,3.0263,616.24,,,,,,,,,,,,,,,,,21.18226601,-1.954749767,0,274.7916178,4.24685655,40.12763246
2.891074,7.0725,4.4963,3.8259,11.3485,4.1037,0.2777,616.24,,,,,,,,,,,,,,,,,6.604926108,-2.069391604,5.496931522,-45.36869368,5.049622704,-30.53741564
2.911077,9.7779,0.6512,3.6823,14.9781,8.2073,0.1676,616.24,,,,,,,,,,,,,,,,,-1.933990148,-2.207414353,4.589557648,23.58353598,4.438805235,-18.37561222
2.931079,6.5697,1.5467,1.5802,8.8921,4.8602,-2.5618,616.24,,,,,,,,,,,,,,,,,37.22216749,-2.353355143,5.061299119,-83.93830401,4.071236188,-6.750233787
2.951079,11.7124,1.1013,1.087,13.1968,-0.7709,10.5297,616.24,,,,,,,,,,,,,,,,,16.3226601,-2.575256238,3.382365162,-33.9117931,4.278020647,-9.586509324
2.97108,7.6758,6.8331,-0.5555,10.9463,5.6599,2.5235,616.24,,,,,,,,,,,,,,,,,-9.222660099,-2.78112015,2.7041293,65.48179934,4.4280543,-20.28419308
2.991084,11.2049,8.509,-1.9393,12.4163,5.1667,7.7572,616.24,,,,,,,,,,,,,,,,,-5.779310345,-2.961882155,4.013830769,-78.53362273,4.364081837,-32.36421662
3.011088,16.0316,7.2018,4.9704,17.5687,2.3894,9.5577,615.79,,,,,,,,,,,,,,,,,-16.46453202,-3.121229952,2.442844179,15.44032342,4.058499873,-3.092207487
3.052007,2.0063,-2.0638,-2.4373,9.5481,1.6759,-11.3964,615.79,,,,,,,,,,,,,,,,,-23.70640394,-3.199226915,2.751712409,81.71042814,4.33847518,-44.60747928
3.07201,5.8227,11.0229,1.7909,9.2895,2.1787,2.0063,615.79,,,,,,,,,,,,,,,,,18.42216749,-3.226677688,6.095221418,-98.11968169,3.788132698,-12.40625227
3.092013,11.8992,9.9072,0.9098,13.0532,8.6048,2.6528,615.79,,,,,,,,,,,,,,,,,-43.56748768,-3.28328987,4.132533425,-87.4002119,3.539954667,1.430409805
3.112017,3.8164,8.8873,-1.0487,5.0709,6.6415,0.9194,615.79,,,,,,,,,,,,,,,,,-6.415763547,-3.178166127,2.384266987,5.081681686,3.568568749,15.22121923
3.132021,4.6926,7.8961,-2.2745,7.6902,4.3191,0.6369,615.79,,,,,,,,,,,,,,,,,-11.06305419,-3.03345454,2.485920947,67.82642291,3.873036703,-2.393082472
3.152021,8.691,14.7626,0.6369,7.4029,13.781,3.146,615.79,,,,,,,,,,,,,,,,,-17.62068966,-2.885006583,3.842720711,-192.1360356,3.82519796,-38.42563937
3.172021,1.4317,5.6072,-0.8859,6.2153,11.5879,0.3735,615.79,,,,,,,,,,,,,,,,,-4.83546798,-2.723618326,0,242.7165632,3.056653818,0.001567745
3.192021,1.6855,9.6774,2.4181,5.3965,10.1849,6.6463,615.79,,,,,,,,,,,,,,,,,29.46157635,-2.595981055,4.854331264,-28.93637131,3.056653818,-17.14566049
3.212025,3.486,9.6486,-0.1437,6.5841,7.8195,-0.1053,615.79,,,,,,,,,,,,,,,,,2.5,-2.556370591,4.275603838,-18.4461648,2.713803442,-8.796726131
3.232026,2.332,10.4004,0.9002,3.3567,8.5329,-5.5498,615.79,,,,,,,,,,,,,,,,,-9.010344828,-2.502352179,3.906606757,-82.98982681,2.537931752,-39.06994709
3.252026,4.458,11.2432,-0.4836,3.0406,14.0252,-4.1515,615.79,,,,,,,,,,,,,,,,,-9.199507389,-2.460249096,2.246727231,-112.3363616,1.756610401,-10.57843908
3.272028,2.1069,7.2065,0.3352,-0.0431,11.722,2.2362,615.79,,,,,,,,,,,,,,,,,13.7044335,-2.432517338,0,0,1.545195275,28.80632108
3.292031,-0.996,13.9007,2.3272,1.0056,11.813,3.7158,615.79,,,,,,,,,,,,,,,,,22.24384236,-2.446241091,0,156.980422,2.12149227,45.13274676
3.312031,-0.1484,5.1427,2.1261,2.1931,-1.1205,-2.6911,615.79,,,,,,,,,,,,,,,,,-10.28423645,-2.506678245,3.140079382,12.80830049,3.024383085,2.030392545
3.332031,0.68,11.2144,-0.9768,-0.34,8.6718,1.3072,615.79,,,,,,,,,,,,,,,,,-30.85320197,-2.570207784,3.396245391,-169.8122696,3.06512092,-18.23095044
3.352036,0.1724,7.5034,-0.7183,0.4597,2.5379,0.4166,615.79,,,,,,,,,,,,,,,,,-12.52512315,-2.560155385,0,59.46771321,2.700631896,26.10231122
3.372037,-2.8108,12.6941,1.1827,-1.1253,14.1258,-1.968,615.79,,,,,,,,,,,,,,,,,-24.46059113,-2.509235181,1.189651603,84.58743927,3.222828846,22.71376671
3.392041,-1.3791,8.2073,-0.1628,2.7581,7.2113,-2.332,615.79,,,,,,,,,,,,,,,,,7.05270936,-2.414423871,2.881484976,81.63212838,3.677220954,-10.64634023
3.412042,-4.7309,14.619,0.6129,-2.4612,4.956,5.1044,615.79,,,,,,,,,,,,,,,,,-4.906403941,-2.382662434,4.514454072,-58.53134906,3.464377563,-32.20538449
3.432042,2.1883,1.0343,3.0933,2.6911,-4.1755,0.0192,615.79,,,,,,,,,,,,,,,,,-47.60098522,-2.36814793,3.343768559,-88.49841445,2.820282748,-6.883338614
3.452044,-5.8419,9.8737,3.122,-4.458,10.8697,-1.336,615.79,,,,,,,,,,,,,,,,,-25.66403941,-2.226936609,1.57380027,51.85403872,2.682667789,13.48083074
3.472047,-5.3534,9.4188,-2.4277,-2.9209,6.11,-0.1149,615.79,,,,,,,,,,,,,,,,,4.906403941,-2.049569336,2.610984753,42.5249907,2.952336217,2.539747809
3.492048,-5.2433,8.0589,-0.4022,-4.5729,7.8817,0.249,615.79,,,,,,,,,,,,,,,,,-16.29950739,-1.896209886,3.461612142,-82.21309547,3.003161674,12.44623354
3.512049,-6.4643,6.8283,2.2218,-6.1244,10.2855,-7.7572,615.79,,,,,,,,,,,,,,,,,-0.872906404,-1.719876112,1.817268019,-26.16309289,3.252109742,-18.1746722
3.532051,-4.209,8.0637,0.5842,-2.7773,8.9064,-1.1636,615.79,,,,,,,,,,,,,,,,,17.03054187,-1.51718934,1.293979998,68.07888031,2.888656138,18.71964333
3.552051,-6.9288,5.2768,0.34,-5.1954,4.3431,0.498,615.79,,,,,,,,,,,,,,,,,4.151231527,-1.364523008,2.655693762,13.32243231,3.263094078,-26.55782968
3.572052,-6.7086,5.6168,-0.0622,-5.0422,3.1077,2.9688,615.79,,,,,,,,,,,,,,,,,-4.599507389,-1.239077991,2.922142409,-2.85137592,2.731955325,19.66027164
3.592053,-8.6479,11.5401,-0.407,-4.1515,16.6253,1.1588,615.79,,,,,,,,,,,,,,,,,-12.36009852,-1.123053312,2.865112039,92.05741934,3.125178599,-28.64715319
3.612053,-5.9664,5.0278,-0.9625,-8.7101,8.0637,-10.4004,615.79,,,,,,,,,,,,,,,,,25.05024631,-0.998858672,4.706352483,-235.3176242,2.552156192,-19.67481806
3.632053,-12.287,6.1196,8.1594,-10.252,9.6391,-3.9983,615.79,,,,,,,,,,,,,,,,,14.95517241,-0.926686358,0,158.3084848,2.158644226,0.00488777
3.652053,-1.7382,0.0479,-0.589,-3.7014,3.2944,15.3133,615.79,,,,,,,,,,,,,,,,,17.33743842,-0.871790688,3.166169696,-158.3084848,2.158644226,10.76033228
3.672053,-12.2009,-0.2346,3.055,-7.3502,3.5721,-2.1165,615.79,,,,,,,,,,,,,,,,,15.99261084,-0.857166047,0,244.412939,2.373880368,0.00488777
3.692055,-12.2966,1.8004,1.2498,-12.7898,1.221,-4.707,615.79,,,,,,,,,,,,,,,,,18.75221675,-0.864576088,4.888258779,-244.3885001,2.373880368,-23.31858512
3.712058,-7.1251,2.1165,-0.4932,-5.6024,5.5162,0.0431,615.79,,,,,,,,,,,,,,,,,-2.854187192,-0.897802827,0,136.919095,1.907462028,28.56591684
3.732061,-2.9784,4.6831,0.929,-3.6488,3.6679,4.6639,615.79,,,,,,,,,,,,,,,,,16.74729064,-0.947075674,2.738792658,-136.919095,2.478831484,3.86345267
3.752064,-17.0802,0.9816,3.6583,-13.4267,1.4461,-7.9535,615.79,,,,,,,,,,,,,,,,,-5.000985222,-1.01584848,0,212.0857073,2.556069504,9.588649196
3.772067,-0.8475,1.2881,-3.055,-0.8715,6.3542,-6.9336,615.79,,,,,,,,,,,,,,,,,2.28817734,-1.071661392,4.242350403,-212.0857073,2.747871947,-17.75238913
3.792069,-16.0124,-1.1827,3.4429,-14.686,-7.6279,7.1682,615.79,,,,,,,,,,,,,,,,,24.95615764,-1.124678652,0,127.7955745,2.392786677,41.83145693
3.812069,-0.8428,1.9393,2.7869,0.814,-6.3734,11.3916,615.79,,,,,,,,,,,,,,,,,-31.74975369,-1.200610005,2.556167081,15.0340097,3.22950558,14.57470458
3.832069,-19.6612,-3.6631,1.2067,-17.6788,-6.6655,3.1556,615.79,,,,,,,,,,,,,,,,,-40.94926108,-1.20958744,2.856847275,13.40677416,3.521038317,-8.781326541
3.85207,-1.0726,6.8043,-1.1971,-0.8859,4.0941,1.4413,615.79,,,,,,,,,,,,,,,,,-14.79014778,-1.172070616,3.124982759,-108.2931124,3.345409734,-17.59943014
3.872074,-16.8743,-3.6057,3.1029,-15.6389,-5.8275,-1.0726,615.79,,,,,,,,,,,,,,,,,-13.35073892,-1.110658184,0.959012218,75.38051569,2.993400668,18.97605326
3.892074,-4.6495,-2.9161,-0.6895,-1.0965,-3.893,0.1245,615.79,,,,,,,,,,,,,,,,,-10.94482759,-1.05253001,2.466924053,85.83352301,3.37296768,19.22994614
3.912074,-14.9207,-5.703,5.2289,-11.6502,-8.0206,-0.1197,615.79,,,,,,,,,,,,,,,,,-4.812315271,-0.975428406,4.183594514,-8.488187253,3.757567574,-20.44132714
3.932076,-3.9935,-2.6384,-0.4405,-3.1987,-5.2768,2.4421,615.79,,,,,,,,,,,,,,,,,-11.41674877,-0.888741971,4.013830769,-101.7461459,3.348696994,-13.68740629
3.952079,-9.9359,-4.3814,4.0175,-9.5577,-6.4117,1.7669,615.79,,,,,,,,,,,,,,,,,-12.99704433,-0.787235422,1.978704358,-30.68374384,3.180672167,-25.07365667
3.972082,-7.6136,0.6369,3.8355,-5.9568,3.4093,3.6009,615.79,,,,,,,,,,,,,,,,,-10.00147783,-0.65028328,1.36493743,74.58430463,2.784931296,-18.9369079
3.992083,-10.6207,-8.5904,0.3974,-6.7086,-9.8737,-1.1301,615.79,,,,,,,,,,,,,,,,,13.65714286,-0.504009497,2.856847275,76.64998008,2.51194381,15.23518786
4.012085,-9.2081,-4.051,1.1492,-8.2791,-4.774,0.6656,617.38,,,,,,,,,,,,,,,,,-6.321674877,-0.395254098,4.389923527,-112.5228434,2.922549844,-20.83278265
4.053003,-5.0087,-5.5737,-0.0192,-2.964,-1.8531,0.3879,617.38,,,,,,,,,,,,,,,,,-3.561576355,-0.287195663,2.139241613,25.28141698,2.611781138,-10.00535115
4.073004,-9.6151,-8.1355,0.1293,-10.6063,-8.3462,-3.8882,617.38,,,,,,,,,,,,,,,,,18.32807882,-0.192827654,3.173706633,-158.6773978,2.517594395,-0.916591785
4.093006,-2.3032,-3.3758,-0.0718,-2.8395,-3.0263,-4.3718,617.38,,,,,,,,,,,,,,,,,-1.037931034,-0.154287528,0,0,2.499486227,27.41828983
4.11301,-11.0181,-13.5991,-0.0479,-6.1244,-5.7604,3.2322,617.38,,,,,,,,,,,,,,,,,1.721674877,-0.108823266,0,245.4447834,3.048107428,24.94298078
4.13301,-3.7541,-4.0845,-2.2793,-2.1213,-0.0958,-2.059,617.38,,,,,,,,,,,,,,,,,38.61428571,-0.082178389,4.909877448,-103.6898725,3.547210071,-22.32388005
4.153011,-7.8003,-10.1801,-0.0096,-7.2353,-10.5584,0.9337,617.38,,,,,,,,,,,,,,,,,19.64876847,-0.134628203,2.836079998,-58.38568587,3.100788252,-6.319482524
4.173016,-3.7397,-7.5896,-0.2777,-1.81,-8.2791,-1.0726,617.38,,,,,,,,,,,,,,,,,-1.863546798,-0.22831101,1.668307895,70.7252138,2.974440183,-5.823899925
4.193016,-5.1667,-8.193,0.996,-3.6392,-11.1378,-0.1772,617.38,,,,,,,,,,,,,,,,,-3.396551724,-0.316761661,3.083165797,-17.0029897,2.857970716,-6.838607896
4.213021,-5.3726,-8.9783,0.7326,-4.1084,-11.0947,0.2634,617.38,,,,,,,,,,,,,,,,,-14.50640394,-0.402004548,2.743106003,-12.37654524,2.721136365,1.752467737
4.233026,-3.8642,-9.8881,1.3695,-2.4086,-7.4412,-1.154,617.38,,,,,,,,,,,,,,,,,-10.42561576,-0.461322705,2.495513215,9.11047925,2.756133908,-0.620208265
4.253029,-3.0263,-10.2472,-0.0958,-2.0399,-12.7994,-0.6081,617.38,,,,,,,,,,,,,,,,,12.05369458,-0.509254181,2.677768353,-23.66788485,2.743680611,1.752287718
4.273033,-0.9385,-6.0238,-0.5602,-0.6991,-8.9974,0.7518,617.38,,,,,,,,,,,,,,,,,-12.57241379,-0.584353854,2.204339652,-55.90777288,2.778668124,2.818748439
4.293033,-5.0613,-11.0325,1.5275,-3.893,-12.3924,1.9201,617.38,,,,,,,,,,,,,,,,,-14.64827586,-0.644994899,1.085960563,65.65167394,2.834984383,14.70272923
4.313035,-2.2362,-5.928,-0.6704,-0.5076,-6.5362,2.2505,617.38,,,,,,,,,,,,,,,,,-6.699014778,-0.682410406,2.398994042,25.95238846,3.129025686,10.35324636
4.333037,-2.1644,-11.813,2.0255,-0.9625,-14.8441,4.4245,617.38,,,,,,,,,,,,,,,,,-2.996059113,-0.715009992,2.918093716,-24.23992525,3.336077333,-14.85419387
4.353037,-2.3607,-6.766,-0.2394,-0.7087,-5.8227,0.4741,617.38,,,,,,,,,,,,,,,,,-14.93152709,-0.739122506,2.433246731,20.97295916,3.038969793,-4.783924459
4.373041,-0.9816,-10.1131,-0.4453,0.2729,-8.193,1.4653,617.38,,,,,,,,,,,,,,,,,4.64679803,-0.729258629,2.852705914,-18.33558125,2.943277338,-28.52636084
4.393042,-0.7709,-9.074,-0.7661,0.5555,-8.8394,-0.3256,617.38,,,,,,,,,,,,,,,,,9.45862069,-0.723294577,2.485920947,3.512131102,2.372736155,-3.19339896
4.413042,-0.7709,-13.0388,2.0542,1.6233,-17.3723,3.9409,617.38,,,,,,,,,,,,,,,,,1.155665025,-0.737014684,2.556167081,43.90425955,2.308868878,4.258412944
4.433042,-1.3886,-5.2864,0.4405,-0.972,-7.8003,-0.4357,617.38,,,,,,,,,,,,,,,,,-21.34729064,-0.7664828,3.434252272,-100.0848126,2.3940616,-20.51964162
4.453042,-0.2394,-12.4355,2.241,0.5363,-8.4324,-3.9217,617.38,,,,,,,,,,,,,,,,,-12.38374384,-0.744187951,1.432556019,26.11142179,1.983677233,10.72217629
4.473042,2.3846,-11.2049,0.5315,1.5131,-11.1235,5.3678,617.38,,,,,,,,,,,,,,,,,19.71970443,-0.701396659,1.954784455,-97.73922276,2.198140449,6.379263993
4.493042,0.0239,-7.1012,-2.6671,0.9768,-6.8666,-3.7541,617.38,,,,,,,,,,,,,,,,,0.400985222,-0.699384733,0,108.3292282,2.325745419,24.4768128
4.513045,3.4907,-11.3342,1.3838,5.296,-10.635,1.2354,617.38,,,,,,,,,,,,,,,,,1.155665025,-0.712911638,2.166584563,40.77119062,2.815301366,8.663859569
4.533046,2.0063,-8.0445,0.3065,2.3942,-3.62,-1.3647,617.38,,,,,,,,,,,,,,,,,3.444334975,-0.738838538,2.982130689,-79.98601329,2.988598247,-2.822619132
4.553047,2.9449,-8.7676,2.4852,4.2186,-8.5904,0.2251,617.38,,,,,,,,,,,,,,,,,21.7955665,-0.754087474,1.382330437,56.1242769,2.932141092,-13.82251576
4.573047,2.5187,-8.5617,2.308,3.8834,-9.074,2.6336,617.38,,,,,,,,,,,,,,,,,0.872906404,-0.803607842,2.5048721,4.396860321,2.655675005,2.119334246
4.593047,2.2122,-10.9702,1.3072,3.4285,-11.6358,-6.8331,617.38,,,,,,,,,,,,,,,,,-2.52364532,-0.864483859,2.592809306,-7.251478718,2.698143359,-25.93081801
4.613047,3.96,-7.5226,-0.5746,5.8275,-7.9823,2.308,617.38,,,,,,,,,,,,,,,,,-3.278817734,-0.915395738,2.447779732,29.26446201,2.179581498,5.336312102
4.633047,5.5545,-10.4387,1.1923,7.0342,-9.6438,2.0111,617.38,,,,,,,,,,,,,,,,,-2.26453202,-0.934224223,3.033068972,-16.66120288,2.28645169,-11.71445624
4.653048,4.5107,-8.9352,0.7997,4.0989,-7.0102,-3.2034,617.38,,,,,,,,,,,,,,,,,3.915763547,-0.93869579,2.699844914,-134.9854964,2.052261723,-27.00061428
4.673052,5.114,-8.2121,0.3687,6.6128,-8.4324,1.8244,617.38,,,,,,,,,,,,,,,,,9.482758621,-0.952749328,0,135.8335269,1.51229274,-0.003514992
4.693053,6.0717,-7.7476,2.1452,5.43,-6.7038,3.0646,617.38,,,,,,,,,,,,,,,,,-1.085221675,-0.990417806,2.717213873,-135.853901,1.51229274,-10.06866916
4.713056,3.7014,-10.1514,1.2354,5.5067,-9.1746,-5.3199,617.38,,,,,,,,,,,,,,,,,5.141871921,-1.030561079,0,149.0841718,1.31088099,23.03684764
4.73306,7.2927,-5.9472,2.0638,7.9966,-8.576,1.7813,617.38,,,,,,,,,,,,,,,,,4.81182266,-1.066480859,2.982130689,-55.98937968,1.77163642,-3.662825304
4.753063,6.2058,-10.0509,2.2553,5.4396,-9.232,-1.0487,617.38,,,,,,,,,,,,,,,,,-12.94975369,-1.101452335,1.862119138,-93.09199311,1.698312058,8.681417074
4.773063,8.5904,-9.0166,2.7677,8.0445,-9.347,-3.802,617.38,,,,,,,,,,,,,,,,,4.033990148,-1.101594402,0,0,1.871917335,31.4359991
4.793063,5.9568,-5.3726,-0.0144,6.5505,-5.1763,1.0056,617.38,,,,,,,,,,,,,,,,,-1.627586207,-1.104012513,0,85.50775611,2.500670108,0.001503907
4.813068,5.1715,-6.7086,-0.2346,6.2489,-4.6256,-0.6752,617.38,,,,,,,,,,,,,,,,,0.966995074,-1.102700192,1.710155122,29.67368303,2.500670108,8.871006496
4.833069,7.4172,-6.7756,-0.1245,8.8059,-6.8474,0.4788,617.38,,,,,,,,,,,,,,,,,10.26108374,-1.110802146,2.303777151,15.58580713,2.678112102,-0.833478298
4.853069,6.359,-3.2801,-1.6328,7.8721,-6.7229,-6.0094,617.38,,,,,,,,,,,,,,,,,-0.353694581,-1.145373806,2.61550888,5.731832209,2.661430957,-3.582083606
4.873069,7.4412,-7.1682,-0.6752,9.4475,-7.2401,1.9058,617.38,,,,,,,,,,,,,,,,,-16.95960591,-1.180695197,2.730145524,20.680917,2.589774588,-6.983046284
4.893071,9.5481,-5.454,-0.0718,8.2169,-7.8913,2.49,617.38,,,,,,,,,,,,,,,,,-0.354187192,-1.176352663,3.143763864,-157.1724759,2.450098966,-12.5022222
4.913073,7.604,-5.9616,1.0104,8.9735,-5.5689,0.0527,617.38,,,,,,,,,,,,,,,,,-12.00640394,-1.176864561,0,129.855269,2.200039825,19.84429452
4.933074,7.6806,-5.4205,-0.1867,8.6814,-4.5921,1.2833,617.38,,,,,,,,,,,,,,,,,1.934482759,-1.152151994,2.597365092,-18.84874093,2.596973888,-7.434499218
4.953074,7.6902,-4.9033,0.2107,8.7245,-4.7597,-1.1349,617.38,,,,,,,,,,,,,,,,,4.080788177,-1.123103348,2.220371424,1.842780589,2.420911752,-20.83271998
4.973074,9.6007,-6.1196,1.9489,10.4387,-3.9456,0.3352,617.38,,,,,,,,,,,,,,,,,0.707389163,-1.100902231,2.257227036,-11.27298118,1.976837467,4.218719516
4.993074,7.0773,-2.6049,-0.9098,7.8051,-2.2505,-0.3496,617.38,,,,,,,,,,,,,,,,,10.70935961,-1.080050121,2.031767412,-6.91496259,2.033842813,-2.693552261
5.013074,8.8107,-2.9449,0.2107,9.6103,-2.6911,-1.1349,614.29,,,,,,,,,,,,,,,,,1.745812808,-1.079043495,1.893468161,4.560107685,1.952566055,-1.09384639
5.054002,10.5489,-3.0694,0.1245,11.1474,-3.3232,-0.6847,614.29,,,,,,,,,,,,,,,,,1.250246305,-1.084056612,1.984670314,-6.538699663,1.903284498,-1.235974518
5.074005,6.1818,-1.7286,-0.3017,5.3247,-2.8156,-1.2402,614.29,,,,,,,,,,,,,,,,,-1.250246305,-1.091913325,1.717054414,-85.83984474,1.851164228,9.872368773
5.094007,10.9415,-3.122,-1.652,12.2535,-4.4005,3.1891,614.29,,,,,,,,,,,,,,,,,-5.354679803,-1.09161792,0,127.0999781,2.048579205,10.41727322
5.114011,8.0589,-2.3415,-0.1149,8.5952,-1.4222,-3.0789,614.29,,,,,,,,,,,,,,,,,-6.298029557,-1.08062446,2.542253761,-45.83434006,2.256927152,-5.572175596
5.134016,11.3581,-1.2737,1.3838,11.9088,-2.4708,0.4597,614.29,,,,,,,,,,,,,,,,,4.528571429,-1.060131475,1.625383623,1.083566763,2.145435282,-16.25126713
5.154021,6.9192,-1.8579,-0.6512,7.5226,-2.1883,-2.1835,614.29,,,,,,,,,,,,,,,,,-5.897044335,-1.053658909,1.647060376,3.849467046,1.820358558,-0.958531041
5.174021,9.3422,-1.1205,2.9592,10.8266,-2.0638,1.8244,614.29,,,,,,,,,,,,,,,,,-1.627586207,-1.037704745,1.724068964,49.00301679,1.80116649,-17.23942484
5.194022,11.8752,-1.8627,-0.2921,12.0955,-2.6336,-1.087,614.29,,,,,,,,,,,,,,,,,-4.64679803,-1.02026171,2.7041293,-83.1153225,1.456352698,-27.0400282
5.214022,8.7532,-0.2011,-0.7949,9.5529,-1.4461,-2.1644,614.29,,,,,,,,,,,,,,,,,-3.797536946,-1.000438648,1.041739735,47.15273398,0.915526838,8.393734444
5.234024,10.5776,0.6416,1.0439,10.0221,-0.4022,1.1636,614.29,,,,,,,,,,,,,,,,,-6.133004926,-0.981873334,1.984794414,-99.22979773,1.083392853,-11.43393947
5.254026,7.8051,-1.087,0.5698,8.2935,-2.5905,1.6712,614.29,,,,,,,,,,,,,,,,,-5.141871921,-0.956636511,0,77.54724721,0.854705391,26.01757805
5.274026,13.1442,-0.6608,1.7909,12.153,-1.5993,6.3159,614.29,,,,,,,,,,,,,,,,,-7.406403941,-0.925004798,1.551100039,-77.55500193,1.375087971,-3.916454362
5.294026,8.6622,-0.0096,-1.585,7.8769,-1.7813,-1.8244,614.29,,,,,,,,,,,,,,,,,-4.623152709,-0.883054251,0,0,1.296758884,12.38145761
5.314026,9.9024,2.0207,-0.8619,10.6207,0.9098,-0.1197,614.29,,,,,,,,,,,,,,,,,-8.727586207,-0.836118765,0,94.0534907,1.544388036,0.002475796
5.334026,9.0644,2.5091,0.2873,9.2081,1.2833,0.0814,614.29,,,,,,,,,,,,,,,,,-5.472413793,-0.777895701,1.881069814,-51.98563559,1.544388036,-18.80822234
5.354026,11.066,-0.3352,0.3783,12.4403,-0.3687,2.2936,614.29,,,,,,,,,,,,,,,,,-6.038423645,-0.716774505,0.841357102,88.02778989,1.168174073,-8.411095225
5.374026,8.5042,2.0255,0.5076,8.7771,2.375,0.4693,614.29,,,,,,,,,,,,,,,,,-0.165024631,-0.652043999,2.6019129,-72.12291487,0.999902653,-10.50642833
5.394026,10.3382,2.1548,0.3591,10.6494,2.7821,0.4836,614.29,,,,,,,,,,,,,,,,,1.721674877,-0.594278837,1.159454603,3.934557935,0.78974008,3.376854029
5.41403,8.2504,2.5474,-0.1484,8.0445,2.4277,0.1628,614.29,,,,,,,,,,,,,,,,,3.090147783,-0.549098433,1.238145761,-61.89490908,0.85724099,-12.37964907
5.434031,10.6494,4.5107,1.0343,10.5919,2.9257,1.6664,614.29,,,,,,,,,,,,,,,,,-0.589655172,-0.517909182,0,0,0.609611838,18.49218285
5.454031,10.2807,2.6049,1.3982,10.2807,3.4955,2.3942,614.29,,,,,,,,,,,,,,,,,-7.807881773,-0.488878947,0,0,0.979487333,11.17984945
5.474032,8.0206,0.5411,-0.7853,8.509,0.4405,-2.8922,614.29,,,,,,,,,,,,,,,,,4.387192118,-0.44712781,0,77.55112438,1.20311616,13.90452437
5.494036,10.3142,3.5434,0.3256,10.7691,3.6296,0.5411,614.29,,,,,,,,,,,,,,,,,-0.495566502,-0.419444609,1.551100039,-2.706503089,1.481252108,-3.917720711
5.514036,8.0302,5.7365,0.0766,7.7668,4.1803,-1.3455,614.29,,,,,,,,,,,,,,,,,0.424630542,-0.397041399,1.496959151,-74.84795755,1.402923021,4.394692725
5.534037,9.663,3.0167,1.6089,10.3573,1.7909,4.707,614.29,,,,,,,,,,,,,,,,,-7.666009852,-0.383007237,0,92.46425053,1.490867681,18.80684843
5.554037,8.5042,3.8068,0.0287,8.758,5.3822,0.5842,614.29,,,,,,,,,,,,,,,,,-6.038423645,-0.357339221,1.849377475,-36.56166702,1.867055455,-18.4925694
5.574042,8.4851,4.8028,-0.0575,8.8777,5.4157,-0.4836,614.29,,,,,,,,,,,,,,,,,7.760591133,-0.323791584,1.118144134,13.62337459,1.49717996,-5.858898987
5.594044,8.8394,6.1962,0.6752,9.1123,4.6591,0.5507,614.29,,,,,,,,,,,,,,,,,3.019211823,-0.308244661,1.390679743,-11.56010102,1.379993838,-13.90570911
5.614047,7.0581,3.9025,-0.0239,7.8195,3.8355,0.1628,614.29,,,,,,,,,,,,,,,,,-7.571921182,-0.298708896,1.159454603,38.85556409,1.101857889,-11.59368891
5.634047,8.2265,4.0127,-0.1245,8.9447,6.2537,-2.4852,614.29,,,,,,,,,,,,,,,,,-0.330049261,-0.277335354,1.936682451,-2.787179029,0.869966968,-6.701389285
5.65405,9.2895,4.4101,-0.3735,8.9974,5.2912,0.8284,614.29,,,,,,,,,,,,,,,,,11.03940887,-0.259566639,1.88093887,-94.0328386,0.735924054,-12.47502666
5.674053,8.078,7.9966,-0.747,8.1355,7.7237,-0.5267,614.29,,,,,,,,,,,,,,,,,4.340394089,-0.266690217,0,26.60668503,0.486383068,4.343015963
5.694053,7.5753,6.3542,0.1389,7.3358,5.6168,0.2107,614.29,,,,,,,,,,,,,,,,,-1.344334975,-0.283143495,0.532213521,-26.61067603,0.573255376,-3.147078476
5.714053,8.0828,6.4596,0.747,7.9248,5.5929,1.3934,614.29,,,,,,,,,,,,,,,,,-3.632512315,-0.295967961,0,0,0.510305495,0.000524328
5.734055,7.4172,5.2672,-0.2298,7.7428,6.3542,1.0487,614.29,,,,,,,,,,,,,,,,,-4.269458128,-0.302591328,0,63.31706221,0.510305495,14.32608452
5.754059,7.8434,5.3391,0.2442,7.9248,6.0525,0.067,614.29,,,,,,,,,,,,,,,,,5.354679803,-0.303199547,1.266467878,-31.65536588,0.796816699,-2.706447982
5.774061,8.2648,7.604,-0.0192,8.3031,8.3366,0.6847,614.29,,,,,,,,,,,,,,,,,3.514285714,-0.317392603,0.633233939,-9.942625504,0.742634449,2.082707005
5.794063,7.2927,6.8091,-0.7183,7.3023,7.3837,-1.1157,614.29,,,,,,,,,,,,,,,,,3.608866995,-0.340196953,0.434361544,-10.84378717,0.784259082,4.479853008
5.814064,7.4029,6.9097,1.0774,7.355,6.9528,2.0016,614.29,,,,,,,,,,,,,,,,,2.830541872,-0.371242362,0.217464113,-10.87266201,0.873832246,9.422868233
5.834064,6.5553,6.8139,0,6.9719,6.019,0.3879,614.29,,,,,,,,,,,,,,,,,0.212315271,-0.40804015,0,71.62780097,1.062272826,0.002469722
5.854068,6.9192,7.1874,0.2921,7.1204,6.3638,0.5842,614.29,,,,,,,,,,,,,,,,,-3.915763547,-0.444344061,1.432556019,-21.84560032,1.062272826,-14.32309047
5.874069,6.1004,7.1299,-0.5124,6.2441,6.6272,-1.2258,614.29,,,,,,,,,,,,,,,,,-4.057142857,-0.47324524,0.995556631,-7.709590946,0.775761623,-5.892460338
5.894073,6.9815,7.3215,-0.091,7.1395,7.7524,0.1149,614.29,,,,,,,,,,,,,,,,,-2.47635468,-0.494192037,0.841357102,2.043104508,0.657896744,-8.412864521
5.914074,6.1339,7.7859,0.1532,6.4069,7.2401,2.6288,614.29,,,,,,,,,,,,,,,,,2.122660099,-0.511531491,0.882227365,13.87128896,0.489625323,-8.821485423
5.934077,6.0956,7.8865,0.431,6.0286,8.1355,-0.814,614.29,,,,,,,,,,,,,,,,,-2.688669951,-0.534491323,1.159667015,-57.97465456,0.31317985,-11.59574321
5.954081,6.7277,7.7859,0.182,6.6846,8.8921,1.1923,614.29,,,,,,,,,,,,,,,,,1.226600985,-0.553742293,0,0,0.081246447,3.430254844
5.974085,5.5354,7.7716,0.0383,5.5689,8.1642,-0.723,614.29,,,,,,,,,,,,,,,,,5.449261084,-0.576278144,0,20.30755035,0.149871221,7.038123411
5.994085,5.8562,7.8147,0.3496,5.8275,8.0397,0.2682,614.29,,,,,,,,,,,,,,,,,1.933990148,-0.60869725,0.406232237,-20.31161186,0.29066419,-4.062683141
6.014085,6.1914,9.2943,0.3783,6.1052,9.5624,1.0726,616.06,,,,,,,,,,,,,,,,,1.108374384,-0.642968678,0,0,0.209417743,-0.000360769
6.055001,4.8363,8.5856,-0.3304,4.707,8.3079,-0.9912,616.06,,,,,,,,,,,,,,,,,1.320689655,-0.680531944,0,0,0.209417743,7.522249597
6.075002,5.1811,8.6622,-0.0048,5.205,8.5617,0.6656,616.06,,,,,,,,,,,,,,,,,-1.367980296,-0.720355086,0,17.15533573,0.359884995,9.085227067
6.095005,5.1906,8.5808,0.0958,5.2912,9.1171,0.8475,616.06,,,,,,,,,,,,,,,,,-0.495073892,-0.756659966,0.34312387,18.03934283,0.541611797,-3.432180176
6.115006,4.7022,8.7005,-0.0575,4.6495,8.758,0.3735,616.06,,,,,,,,,,,,,,,,,2.641871921,-0.790634102,0.703964845,-35.19648241,0.472987023,-7.040048742
6.135008,4.458,10.0126,0.1915,4.3431,9.8593,0.0862,616.06,,,,,,,,,,,,,,,,,0.283251232,-0.828018326,0,0,0.332194054,-0.000752261
6.15501,3.8068,8.9495,-0.4262,3.9217,8.5808,-0.8715,616.06,,,,,,,,,,,,,,,,,-0.755172414,-0.865481744,0,37.61305183,0.332194054,-0.000752261
6.17501,4.6831,8.1211,0.5267,4.8507,8.0014,0.5986,616.06,,,,,,,,,,,,,,,,,-1.816256158,-0.899785387,0.752336263,7.814887348,0.332194054,-7.523362627
6.19501,4.4053,8.8969,0.1867,4.1372,8.8873,0.0766,616.06,,,,,,,,,,,,,,,,,-0.589655172,-0.928044315,0.90863401,-45.43170048,0.181726802,-4.478571972
6.21501,3.96,9.7252,0.2059,3.8355,9.2129,0.1389,616.06,,,,,,,,,,,,,,,,,-0.04729064,-0.954243032,0,0,0.092155362,0.000230377
6.235013,3.3902,9.7109,-0.1245,3.3327,9.007,-0.2538,616.06,,,,,,,,,,,,,,,,,-2.52364532,-0.98073212,0,0,0.092155362,0.000230377
6.255015,3.4524,9.3565,0.2682,3.2513,9.0118,0.723,616.06,,,,,,,,,,,,,,,,,-3.467487685,-1.000798033,0,0,0.092155362,0.000230377
6.275015,3.7685,9.4044,0.4118,3.5817,9.2991,0.4693,616.06,,,,,,,,,,,,,,,,,-1.698029557,-1.014198932,0,0,0.092155362,0.000230377
6.295015,3.8403,8.8873,0.3639,3.8834,8.8059,1.0822,616.06,,,,,,,,,,,,,,,,,-0.518719212,-1.023049587,0,23.03884062,0.092155362,0.000230377
6.315016,3.7158,9.4092,0.2346,3.5865,9.4284,0.2538,616.06,,,,,,,,,,,,,,,,,-0.400985222,-1.029802489,0.460776812,-23.03768874,0.092155362,-4.607537748
6.33502,3.4907,8.983,-0.2059,3.3662,8.8921,0.2634,616.06,,,,,,,,,,,,,,,,,0.094581281,-1.032322641,0,0,0,0
6.355021,3.371,9.9216,0.0239,3.3567,9.7109,0.3639,616.06,,,,,,,,,,,,,,,,,-0.447783251,-1.031461598,0,0,0,0
6.375021,3.2034,9.5529,0.091,3.0789,9.3326,0.2538,616.06,,,,,,,,,,,,,,,,,-1.037931034,-1.028483811,0,0,0,0
6.395026,3.0119,10.0556,0.4788,2.8874,9.9359,0.565,616.06,,,,,,,,,,,,,,,,,-1.085221675,-1.023230753,0,0,0,0
6.415026,2.5809,9.7444,0.1963,2.4517,9.3374,0.1484,616.06,,,,,,,,,,,,,,,,,-0.589655172,-1.016772641,0,0,0,0
6.435026,2.4325,9.7971,0.2442,2.2314,9.3901,0.1293,616.06,,,,,,,,,,,,,,,,,-2.004926108,-1.012993489,0,0,0,0
6.45503,2.5474,9.5672,-0.1484,2.49,9.5337,-0.2011,616.06,,,,,,,,,,,,,,,,,-2.004926108,-1.008003096,0,0,0,0
6.475031,2.8587,9.2512,0.3448,2.6863,9.3182,0.2777,616.06,,,,,,,,,,,,,,,,,-0.165024631,-1.000345948,0,0,0,0
6.495031,2.4948,9.6486,0.1101,2.399,9.4619,-0.0144,616.06,,,,,,,,,,,,,,,,,0.330049261,-0.99108358,0,0,0,0
6.515031,2.2266,10.0987,0.067,2.0734,9.7157,0.2777,616.06,,,,,,,,,,,,,,,,,-0.919704433,-0.981804464,0,0,0,0
6.535032,1.7238,10.1466,0.1389,1.5083,9.5672,-0.4836,616.06,,,,,,,,,,,,,,,,,-1.886699507,-0.971703272,0,0,0,0
6.555032,2.083,10.0796,0.0766,1.9537,9.9072,0.3448,616.06,,,,,,,,,,,,,,,,,-2.854187192,-0.960139378,0,0,0,0
6.575037,2.2218,9.6438,0.1867,2.0303,9.5193,0.3448,616.06,,,,,,,,,,,,,,,,,-0.849261084,-0.944155442,0,0,0,0
6.595041,2.2697,9.7492,0.1867,2.0973,9.7444,0.4741,616.06,,,,,,,,,,,,,,,,,-0.613300493,-0.926998489,0,0,0,0
6.615042,2.217,9.8114,0.1628,2.1261,9.9407,0.1389,616.06,,,,,,,,,,,,,,,,,-0.02364532,-0.910351771,0,0,0,0
6.635042,1.8723,9.845,0.1915,1.6328,9.6678,0.2969,616.06,,,,,,,,,,,,,,,,,0.636945813,-0.894704701,0,0,0,0
6.655042,1.6185,10.0126,0.0527,1.4269,9.7779,-0.0287,616.06,,,,,,,,,,,,,,,,,-0.872906404,-0.881129928,0,0,0,0
6.675042,1.7621,10.003,0.1149,1.4748,9.7683,0.3591,616.06,,,,,,,,,,,,,,,,,-1.156157635,-0.866422876,0,0,0,0
6.695045,1.5706,9.9359,0.067,1.3168,9.7492,-0.2059,616.06,,,,,,,,,,,,,,,,,-1.156157635,-0.851275126,0,0,0,0
6.715046,1.5754,9.9647,0.2251,1.4365,9.912,0.2442,616.06,,,,,,,,,,,,,,,,,-0.919704433,-0.835278745,0,0,0,0
6.735048,1.6185,10.0748,0.249,1.4557,9.8689,0.1389,616.06,,,,,,,,,,,,,,,,,-0.259605911,-0.814566074,0,0,0,0
6.755048,1.5323,10.161,0.2825,1.2306,9.8689,0.3783,616.06,,,,,,,,,,,,,,,,,-1.014285714,-0.793265161,0,0,0,0
6.775048,1.2785,9.9982,0.1484,1.0774,9.6295,-0.0287,616.06,,,,,,,,,,,,,,,,,-1.438916256,-0.771073019,0,0,0,0
6.795053,1.245,10.1083,0.1006,1.0247,9.7588,-0.0287,616.06,,,,,,,,,,,,,,,,,-1.816256158,-0.748344337,0,0,0,0
6.815054,1.1349,10.1418,0.1867,0.905,9.7636,0.1341,616.06,,,,,,,,,,,,,,,,,-1.721674877,-0.728316605,0,0,0,0
6.835054,0.9768,10.0987,0.0239,0.7853,9.7444,0.1389,616.06,,,,,,,,,,,,,,,,,-1.863054187,-0.71037395,0,0,0,0
6.855058,1.0582,10.1035,0.1293,0.8428,9.8258,0.2203,616.06,,,,,,,,,,,,,,,,,-1.745320197,-0.691984422,0,0,0,0
6.875058,1.0151,10.094,0.0862,0.7518,9.7205,0.1197,616.06,,,,,,,,,,,,,,,,,-1.367980296,-0.671215869,0,0,0,0
6.895062,1.0534,10.0365,0.2155,0.7518,9.7683,0.3208,616.06,,,,,,,,,,,,,,,,,-1.839901478,-0.656687144,0,0,0,0
6.915063,1.0151,10.0987,0.1772,0.7326,9.7683,-0.0096,616.06,,,,,,,,,,,,,,,,,-1.321182266,-0.641071901,0,0,0,0
6.935067,0.9242,10.0126,0.0622,0.68,9.6678,0.1867,616.06,,,,,,,,,,,,,,,,,-1.627586207,-0.626762115,0,0,0,0
6.955068,0.9098,10.1658,-0.0048,0.7422,9.7827,0.1101,616.06,,,,,,,,,,,,,,,,,-1.698522167,-0.611345922,0,0,0,0
6.975072,1.087,10.1275,0.2298,0.8619,9.8306,0.2969,616.06,,,,,,,,,,,,,,,,,-1.887192118,-0.596050387,0,0,0,6.691326298
6.995075,0.9864,10.0556,0.2155,0.6656,9.8785,0.2203,616.06,,,,,,,,,,,,,,,,,-1.462561576,-0.581043035,0,0,0.133833217,0.000334533
7.015078,1.0056,10.2137,0.1867,0.9146,10.0796,-0.1867,616.59,,,,,,,,,,,,,,,,,-0.872413793,-0.566027479,0,0,0.133833217,0.000334533
7.056001,1.0582,9.9216,0.1149,0.7949,9.4475,0.4932,616.59,,,,,,,,,,,,,,,,,-0.660591133,-0.550241625,0,0,0.133833217,0.000334533
7.076005,0.9768,10.0317,0.0527,0.723,9.6774,0.3543,616.59,,,,,,,,,,,,,,,,,-2.33546798,-0.536091418,0,0,0.133833217,0.000334533
7.096006,0.929,9.912,0.0622,1.0199,9.6055,0.0575,616.59,,,,,,,,,,,,,,,,,-1.745320197,-0.519695931,0,33.45663149,0.133833217,0.000334533
7.116008,1.0439,9.9551,0.1389,0.9385,9.7348,0.2586,616.59,,,,,,,,,,,,,,,,,-1.509852217,-0.50091074,0.669166086,-33.45495883,0.133833217,-6.690991765
7.13601,1.087,10.0796,0.2825,0.4501,9.9072,0.0814,616.59,,,,,,,,,,,,,,,,,-1.085221675,-0.48238674,0,0,0,0
7.156013,1.1492,10.3094,0.067,0.8523,9.979,0.4214,616.59,,,,,,,,,,,,,,,,,-0.849261084,-0.465354924,0,0,0,0
7.176013,1.1205,10.094,0.1915,0.9481,9.8976,0.1149,616.59,,,,,,,,,,,,,,,,,-1.627586207,-0.44891141,0,0,0,0
7.196016,1.1779,10.0509,0.2873,0.9864,9.979,0.1101,616.59,,,,,,,,,,,,,,,,,-0.967487685,-0.432461351,0,0,0,18.99701817
7.216017,1.3024,10.0221,0.2442,1.0534,9.8354,0.4022,616.59,,,,,,,,,,,,,,,,,-0.354187192,-0.416633288,0,0,0.379940363,-8.41E-13
7.236021,1.2354,9.663,0.1532,0.7278,9.3565,0.4357,616.59,,,,,,,,,,,,,,,,,-0.919704433,-0.402175913,0,0,0.379940363,-8.41E-13
7.256025,1.5514,10.0317,0.3926,1.4509,9.9359,0.7757,616.59,,,,,,,,,,,,,,,,,-1.509852217,-0.387344059,0,0,0.379940363,-8.41E-13
7.276026,1.4796,10.0892,0.2777,1.2402,9.8928,0.1053,616.59,,,,,,,,,,,,,,,,,-0.471921182,-0.371813465,0,0,0.379940363,-8.41E-13
7.296026,0.8571,9.8689,-0.2969,1.5897,9.8737,0.0431,616.59,,,,,,,,,,,,,,,,,-0.967487685,-0.357311304,0,94.98509087,0.379940363,-8.41E-13
7.316026,1.8579,10.0892,0.0144,1.6472,10.1179,0.2155,616.59,,,,,,,,,,,,,,,,,0.02364532,-0.343155874,1.899701817,-94.98509087,0.379940363,-18.99701817
7.336026,1.968,9.9407,0.1867,1.7478,10.2424,0.3639,616.59,,,,,,,,,,,,,,,,,0.14137931,-0.33043695,0,0,0,0
7.356027,2.0877,9.9311,0.2059,1.8196,10.2855,0.3208,616.59,,,,,,,,,,,,,,,,,1.486206897,-0.319285918,0,0,0,0
7.376031,1.9393,10.0269,0.1628,1.719,10.1706,0.1532,616.59,,,,,,,,,,,,,,,,,1.745812808,-0.312337094,0,0,0,0
7.396031,1.9345,10.07,0.1484,1.6807,10.1323,0.3879,616.59,,,,,,,,,,,,,,,,,0.707881773,-0.310222589,0,0,0,0
7.416032,1.8196,10.0126,0.2682,1.4365,9.9742,-0.1676,616.59,,,,,,,,,,,,,,,,,0.306896552,-0.310149869,0,0,0,0
7.436035,1.8483,9.7444,0.067,1.1061,9.4044,0.9098,616.59,,,,,,,,,,,,,,,,,-0.189162562,-0.310488934,0,0,0,0
7.456039,1.7573,9.9934,-0.3639,1.4653,9.754,-0.0718,616.59,,,,,,,,,,,,,,,,,-1.674876847,-0.310884779,0,0,0,0
7.476041,1.7334,10.2041,0.0575,1.5275,10.1323,-0.1149,616.59,,,,,,,,,,,,,,,,,-1.179310345,-0.307697574,0,0,0,0
7.496042,1.9058,10.0365,0.0766,1.6951,10.252,0.1484,616.59,,,,,,,,,,,,,,,,,-0.353694581,-0.302479945,0,0,0,0
7.516044,1.719,9.9216,0.1628,1.4748,10.0844,0.1293,616.59,,,,,,,,,,,,,,,,,1.061576355,-0.296726795,0,0,0,0
7.536048,1.7526,10.0269,0.091,1.4844,10.0221,0.2538,616.59,,,,,,,,,,,,,,,,,0.801970443,-0.292014812,0,0,0,0
7.556049,1.6903,10.137,0.1532,1.4653,10.0126,0.1053,616.59,,,,,,,,,,,,,,,,,-0.02364532,-0.287616102,0,0,0,0
7.576054,1.3647,10.2663,0.2634,1.2498,10.2759,-0.3017,616.59,,,,,,,,,,,,,,,,,-0.612807882,-0.283141918,0,0,0,0
7.596056,1.7621,9.9311,0,1.5275,10.0461,0.1963,616.59,,,,,,,,,,,,,,,,,0.04729064,-0.27756853,0,0,0,0
7.616058,1.6568,9.979,0.0048,1.4557,9.9742,0.0048,616.59,,,,,,,,,,,,,,,,,0.566502463,-0.272974225,0,0,0,0
7.636058,1.7717,10.0556,0.0431,1.4892,10.1131,-0.0144,616.59,,,,,,,,,,,,,,,,,-0.02364532,-0.270747568,0,0,0,5.749277102
7.656058,1.7813,10.0509,0.0479,1.5371,10.1179,0.0192,616.59,,,,,,,,,,,,,,,,,0.283251232,-0.269316591,0,0,0.114985542,0.00143696
7.676062,1.8962,10.0078,0.182,1.719,10.0892,0.3304,616.59,,,,,,,,,,,,,,,,,0.330049261,-0.269996397,0,0,0.114985542,0.00143696
7.696067,1.7957,9.8881,0.2107,1.5706,9.8497,0.2586,616.59,,,,,,,,,,,,,,,,,0.400985222,-0.272450307,0,0,0.114985542,0.00143696
7.716069,1.8483,9.9838,0.1724,1.5706,9.9934,0.2873,616.59,,,,,,,,,,,,,,,,,-0.189162562,-0.277004395,0,0,0.114985542,0.00143696
7.736069,1.5514,10.2232,-0.1484,1.6185,10.7021,-0.2011,616.59,,,,,,,,,,,,,,,,,0.04729064,-0.282425161,0,28.74638551,0.114985542,0.00143696
7.756074,1.7047,10.137,0.1437,1.585,10.3573,-0.0622,616.59,,,,,,,,,,,,,,,,,2.3591133,-0.286881361,0.57492771,-28.73920071,0.114985542,-5.747840142
7.776078,1.6376,9.8641,0.1006,1.4078,9.9695,0.2203,616.59,,,,,,,,,,,,,,,,,1.085221675,-0.296523694,0,0,0,0
7.796079,1.743,10.0796,0.1437,1.5275,10.07,0.3065,616.59,,,,,,,,,,,,,,,,,0.519211823,-0.306730499,0,0,0,0
7.816079,1.4461,9.912,-0.0383,1.087,9.4858,-0.7039,616.59,,,,,,,,,,,,,,,,,-0.04729064,-0.31587735,0,0,0,0
7.836083,1.6472,9.7683,0.0287,1.403,9.3996,0.7614,616.59,,,,,,,,,,,,,,,,,-2.099507389,-0.324737041,0,0,0,0
7.856083,1.6759,10.1179,0.2107,1.4365,9.9695,-0.1293,616.59,,,,,,,,,,,,,,,,,-1.816256158,-0.323913428,0,0,0,0
7.876085,1.7334,10.0317,0.0862,1.5036,10.1179,0.3591,616.59,,,,,,,,,,,,,,,,,-0.731034483,-0.317469101,0,0,0,0
7.896086,1.6616,9.7157,0.1772,1.4126,8.983,0.7518,616.59,,,,,,,,,,,,,,,,,0.424630542,-0.311189812,0,0,0,12.9384687
7.916088,1.7238,9.6869,0.1293,1.4174,9.5768,0.3448,616.59,,,,,,,,,,,,,,,,,-3.609359606,-0.306450655,0,0,0.258834066,-0.003234617
7.936092,1.5754,10.1466,0.1101,1.3408,9.8976,0.3065,616.59,,,,,,,,,,,,,,,,,-0.542364532,-0.296462312,0,0,0.258834066,-0.003234617
7.956093,1.561,10.0461,0.2011,1.3408,9.979,0.3448,616.59,,,,,,,,,,,,,,,,,-1.226600985,-0.288231968,0,0,0.258834066,-0.003234617
7.976093,1.3838,10.094,0.2107,1.0439,9.8928,-0.0479,616.59,,,,,,,,,,,,,,,,,-0.330541872,-0.277912981,0,0,0.258834066,-0.003234617
7.996098,0.9481,9.9647,0.2873,1.2881,9.7061,0.565,616.59,,,,,,,,,,,,,,,,,-0.991133005,-0.268125734,0,64.6923435,0.258834066,-0.003234617
8.016098,1.3264,10.1323,0.1197,1.1636,9.9886,0.0239,616.94,,,,,,,,,,,,,,,,,-1.273891626,-0.257562874,1.294170332,-64.70851658,0.258834066,-12.94170332
8.060003,1.4796,9.9503,-0.0622,1.4653,10.0078,-0.5698,616.94,,,,,,,,,,,,,,,,,-0.707881773,-0.245715246,0,0,0,0
8.080005,1.5179,9.9886,0.1197,1.245,9.8402,0.2203,616.94,,,,,,,,,,,,,,,,,0.283251232,-0.234186764,0,0,0,0
8.10001,1.5083,10.1035,0.1676,1.1923,10.0126,0.1628,616.94,,,,,,,,,,,,,,,,,-0.731034483,-0.22680736,0,0,0,0
8.120011,1.4844,10.1083,0.2011,1.2163,10.1754,0.2682,616.94,,,,,,,,,,,,,,,,,-0.447783251,-0.22044388,0,0,0,0
8.140015,1.4557,10.1275,0.158,1.2641,9.9838,0.182,616.94,,,,,,,,,,,,,,,,,0.330541872,-0.215000622,0,0,0,0
8.160015,1.47,10.0317,0.2442,1.2785,9.8402,0.3304,616.94,,,,,,,,,,,,,,,,,-0.707881773,-0.211421898,0,0,0,0
8.18002,1.4748,9.9551,0.1963,1.1923,9.8928,0.2538,616.94,,,,,,,,,,,,,,,,,-0.943349754,-0.207105829,0,0,0,0
8.200021,1.4844,10.0604,0.1676,1.2641,9.8976,0.1772,616.94,,,,,,,,,,,,,,,,,-0.306896552,-0.20136062,0,0,0,0
8.220022,1.4988,10.0748,0.1389,1.2833,9.979,0.1437,616.94,,,,,,,,,,,,,,,,,-0.801970443,-0.196789841,0,0,0,0
8.240022,1.5179,9.9934,0.1245,1.2881,9.9359,0.1245,616.94,,,,,,,,,,,,,,,,,-0.471921182,-0.192114973,0,0,0,0
8.260026,1.5227,9.9982,0.0287,1.312,9.9982,0.1197,616.94,,,,,,,,,,,,,,,,,-0.283251232,-0.187255945,0,0,0,0
8.280026,1.5514,10.07,0.091,1.3264,9.9886,0.1437,616.94,,,,,,,,,,,,,,,,,0,-0.182545173,0,0,0,0
8.300026,1.5802,10.0748,0.1197,1.4461,10.0269,0.1915,616.94,,,,,,,,,,,,,,,,,-0.400985222,-0.179045386,0,0,0,0
8.320026,1.5993,10.07,0.1437,1.3647,9.9838,0.2586,616.94,,,,,,,,,,,,,,,,,-0.235960591,-0.175115643,0,0,0,0
8.340026,1.5802,10.0126,0.0575,1.3743,10.0078,0.1867,616.94,,,,,,,,,,,,,,,,,-0.424630542,-0.171918661,0,0,0,0
8.360026,1.6424,9.9742,0.1389,1.4317,9.9647,0.1437,616.94,,,,,,,,,,,,,,,,,-0.02364532,-0.168756817,0,0,0,0
8.380026,1.6281,10.0317,0.1101,1.3982,9.9982,0.1772,616.94,,,,,,,,,,,,,,,,,-0.04679803,-0.16665768,0,0,0,0
8.400027,1.652,10.0556,0.0766,1.4078,9.9647,0.1532,616.94,,,,,,,,,,,,,,,,,-0.165024631,-0.165701037,0,0,0,0
8.420031,1.6233,10.0796,0.1006,1.4126,10.0269,0.1341,616.94,,,,,,,,,,,,,,,,,-0.447783251,-0.133972495,0,0,0,0
8.440031,1.6664,9.9647,0.158,1.47,9.9838,0.158,616.94,,,,,,,,,,,,,,,,,-0.259605911,-0.132839001,0,0,0,0
8.460031,1.7047,10.0413,0.1341,1.4748,9.9934,0.2059,616.94,,,,,,,,,,,,,,,,,0.09408867,-0.131532174,0,0,0,0
8.480031,1.7621,10.0078,0.182,1.5371,10.0461,0.2107,616.94,,,,,,,,,,,,,,,,,-0.235960591,-0.13085457,0,0,0,0
8.500035,1.8052,10.0173,0.1245,1.5131,10.0269,0.1867,616.94,,,,,,,,,,,,,,,,,0.188669951,-0.130633872,0,0,0,0
8.520038,1.7717,9.9503,0.091,1.5706,9.9886,0.2155,616.94,,,,,,,,,,,,,,,,,0.04729064,-0.130882848,0,0,0,0
8.540042,1.8052,10.003,0.0862,1.6376,10.1658,0.2107,616.94,,,,,,,,,,,,,,,,,0.188669951,-0.132230427,0,0,0,0
8.560045,1.8723,9.9934,0.2011,1.6041,10.1706,0.067,616.94,,,,,,,,,,,,,,,,,0.801970443,-0.134572104,0,0,0,0
8.580046,1.8004,9.9886,0.1532,1.6233,10.0365,0.2298,616.94,,,,,,,,,,,,,,,,,0.872906404,-0.139606866,0,0,0,0
8.600047,1.8292,9.9838,0.1245,1.5562,10.0221,0.2011,616.94,,,,,,,,,,,,,,,,,0.235960591,-0.147528385,0,0,0,0
8.620049,1.8196,10.0317,0.1484,1.5131,9.9934,0.1341,616.94,,,,,,,,,,,,,,,,,0.188669951,-0.111437617,0,0,0,0
8.640049,1.7478,10.0748,0.182,1.494,9.9838,0.1628,616.94,,,,,,,,,,,,,,,,,-0.188669951,-0.123048557,0,0,0,0
8.660053,1.561,9.9599,0.1628,1.3599,9.8928,0.0766,616.94,,,,,,,,,,,,,,,,,-0.448275862,-0.133405057,0,0,0,23.38956583
8.680056,1.5754,10.0365,0.0479,1.3264,9.8833,0.0287,616.94,,,,,,,,,,,,,,,,,-0.330541872,-0.141729866,0,0,0.467884875,-0.003508259
8.700059,1.5131,10.0987,0.1149,1.245,9.9695,0.1293,616.94,,,,,,,,,,,,,,,,,-0.754679803,-0.149486141,0,0,0.467884875,-0.003508259
8.720062,1.4126,10.0413,0.1341,1.2019,9.8737,0.067,616.94,,,,,,,,,,,,,,,,,-0.636453202,-0.15411164,0,0,0.467884875,-0.003508259
8.740064,1.494,10.1035,0.1341,1.2546,9.9264,0.1053,616.94,,,,,,,,,,,,,,,,,-0.825615764,-0.157625484,0,0,0.467884875,-0.003508259
8.760068,0.8475,9.5672,0.0575,1.9585,9.6247,-0.6369,616.94,,,,,,,,,,,,,,,,,-0.872413793,-0.159085329,0,116.9478292,0.467884875,-0.003508259
8.780069,1.6759,9.8593,-0.0383,1.4269,9.7396,0.7853,616.94,,,,,,,,,,,,,,,,,0.283251232,-0.158984898,2.339424374,-116.9653705,0.467884875,-23.39307409
8.800069,1.5323,10.094,0.0622,1.3408,10.1562,-0.3974,616.94,,,,,,,,,,,,,,,,,-0.589655172,-0.161511909,0,0,0,0
8.820073,1.7526,10.0652,0.1867,1.5658,10.1801,0.2634,616.94,,,,,,,,,,,,,,,,,0.306403941,-0.099534662,0,0,0,0
8.840077,1.5802,10.0317,-0.0335,1.3647,9.9599,-0.0239,616.94,,,,,,,,,,,,,,,,,0.566009852,-0.10408916,0,0,0,0
8.860079,1.7047,9.8067,0.3448,1.4365,10.3238,0.316,616.94,,,,,,,,,,,,,,,,,-0.353694581,-0.11157493,0,0,0,0
8.880079,1.9106,10.0269,0.1437,1.7095,10.2663,0.4262,616.94,,,,,,,,,,,,,,,,,2.54729064,-0.117228672,0,0,0,0
8.900079,1.6759,9.9551,0.3639,1.4557,9.8545,0.4022,616.94,,,,,,,,,,,,,,,,,1.179310345,-0.136367328,0,0,0,0
8.920079,1.6903,9.8737,0.4166,1.4365,9.8593,0.6464,616.94,,,,,,,,,,,,,,,,,-0.495566502,-0.159294511,0,0,0,0
8.940079,1.5227,9.8785,0.3448,1.2833,9.754,0.3208,616.94,,,,,,,,,,,,,,,,,-0.070935961,-0.179703359,0,0,0,0
8.960082,1.585,10.07,0.1006,1.3743,9.8737,0.2538,616.94,,,,,,,,,,,,,,,,,-0.613300493,-0.19918064,0,0,0,0
8.980086,1.9106,10.0796,-0.2825,0.8428,10.137,-0.2298,616.94,,,,,,,,,,,,,,,,,-0.966995074,-0.215905443,0,0,0,0
9.000087,1.585,10.0987,-0.0431,1.3647,10.0796,0.1293,615.26,,,,,,,,,,,,,,,,,0.282758621,,0,0,0,0
9.041002,1.6855,10.0269,0.0575,1.4748,10.0078,0.1293,615.26,,,,,,,,,,,,,,,,,-0.09408867,,0,0,0,0
9.061005,1.6664,9.9742,0.1389,1.4509,9.9599,0.0862,615.26,,,,,,,,,,,,,,,,,-0.09408867,,0,0,0,0
9.08101,1.5467,9.9982,0.1915,1.3551,9.9407,0.3256,615.26,,,,,,,,,,,,,,,,,-0.07044335,,0,0,0,0
9.101013,1.4413,10.0796,0.2442,1.1013,9.8114,0.0144,615.26,,,,,,,,,,,,,,,,,-0.283251232,,0,0,0,0
9.121016,1.494,10.0652,0.1149,1.2354,9.8833,0.1867,615.26,,,,,,,,,,,,,,,,,-1.321182266,,0,0,0,0
9.141016,1.494,10.1323,0.0383,1.3024,10.0078,0.1245,615.26,,,,,,,,,,,,,,,,,-0.896059113,,0,0,0,0
9.161021,1.5706,10.1514,-0.0048,1.3886,10.0748,0.0239,615.26,,,,,,,,,,,,,,,,,-0.613300493,,0,0,0,0
9.181022,1.5802,10.0796,0.0335,1.3838,10.0509,-0.0239,615.26,,,,,,,,,,,,,,,,,-0.377339901,,0,0,0,0
9.201026,1.585,9.979,0.1006,1.3886,9.9838,0.0527,615.26,,,,,,,,,,,,,,,,,-0.14137931,,0,0,0,0
9.221028,1.6281,10.1227,0.1293,1.3934,9.9934,0.1341,615.26,,,,,,,,,,,,,,,,,0.02364532,,0,0,0,0
9.241031,1.5706,10.07,0.0575,1.3934,9.9647,0.1101,615.26,,,,,,,,,,,,,,,,,-0.636945813,,0,0,0,0
9.261035,1.6041,9.9982,0.1053,1.3743,9.9695,0.2538,615.26,,,,,,,,,,,,,,,,,-0.518719212,,0,0,0,0
9.281036,1.652,10.003,0.1101,1.4317,9.979,0.1245,615.26,,,,,,,,,,,,,,,,,-0.14137931,,0,0,0,0
9.301037,1.6424,10.0748,0.1772,1.4222,9.9934,0.2155,615.26,,,,,,,,,,,,,,,,,-0.118226601,,0,0,0,0
9.321039,1.5945,9.9886,0.067,1.3455,9.9886,0.1053,615.26,,,,,,,,,,,,,,,,,-0.400985222,,0,0,0,
9.341039,1.5514,9.9982,0.1245,1.336,9.912,0.091,615.26,,,,,,,,,,,,,,,,,0,,0,0,,
9.361042,1.5036,10.0509,0.0335,1.2785,9.9934,-0.1341,615.26,,,,,,,,,,,,,,,,,-0.424630542,,0,0,,
9.381044,1.5514,10.0987,0.158,1.2977,10.0126,0.2729,615.26,,,,,,,,,,,,,,,,,-0.283251232,,0,0,,
9.401047,1.5706,10.1035,0.1341,1.3455,9.9934,0.3639,615.26,,,,,,,,,,,,,,,,,-0.424137931,,0,0,,
,,,,,,,,,,,,,,,,,,,,,,,,-0.542364532,,0,,,
